ArrayBag, 1667
ArrayBag, 333
ArrayBag, 208
ArrayBag, 125
ArrayBag, 125
ArrayBag, 666
ArrayBag, 125
ArrayBag, 125
ArrayBag, 458
ArrayBag, 83
ArrayBag, 125
ArrayBag, 125
ArrayBag, 84
ArrayBag, 417
ArrayBag, 83
ArrayBag, 125
ArrayBag, 125
ArrayBag, 125
ArrayBag, 83
ArrayBag, 167
ArrayBag, 500
ArrayBag, 125
ArrayBag, 125
ArrayBag, 125
ArrayBag, 125
ArrayBag, 125
ArrayBag, 166
ArrayBag, 125
ArrayBag, 125
ArrayBag, 166
ArrayBag, 125
ArrayBag, 583
ArrayBag, 125
ArrayBag, 125
ArrayBag, 125
ArrayBag, 125
ArrayBag, 125
ArrayBag, 125
ArrayBag, 125
ArrayBag, 125
ArrayBag, 167
ArrayBag, 125
ArrayBag, 84
ArrayBag, 125
ArrayBag, 125
ArrayBag, 125
ArrayBag, 84
ArrayBag, 667
ArrayBag, 125
ArrayBag, 125
ArrayBag, 125
ArrayBag, 83
ArrayBag, 125
ArrayBag, 83
ArrayBag, 125
ArrayBag, 83
ArrayBag, 125
ArrayBag, 125
ArrayBag, 125
ArrayBag, 125
ArrayBag, 125
ArrayBag, 125
ArrayBag, 84
ArrayBag, 125
ArrayBag, 83
ArrayBag, 125
ArrayBag, 125
ArrayBag, 83
ArrayBag, 83
ArrayBag, 84
ArrayBag, 125
ArrayBag, 833
ArrayBag, 125
ArrayBag, 125
ArrayBag, 125
ArrayBag, 84
ArrayBag, 125
ArrayBag, 125
ArrayBag, 125
ArrayBag, 125
ArrayBag, 83
ArrayBag, 125
ArrayBag, 125
ArrayBag, 125
ArrayBag, 125
ArrayBag, 84
ArrayBag, 125
ArrayBag, 83
ArrayBag, 125
ArrayBag, 83
ArrayBag, 125
ArrayBag, 84
ArrayBag, 125
ArrayBag, 84
ArrayBag, 125
ArrayBag, 83
ArrayBag, 125
ArrayBag, 125
ArrayBag, 84
ArrayBag, 83
ArrayBag, 84
ArrayBag, 83
ArrayBag, 208
ArrayBag, 209
ArrayBag, 125
ArrayBag, 125
ArrayBag, 166
ArrayBag, 1417
ArrayBag, 125
ArrayBag, 167
ArrayBag, 167
ArrayBag, 125
ArrayBag, 125
ArrayBag, 125
ArrayBag, 125
ArrayBag, 166
ArrayBag, 125
ArrayBag, 125
ArrayBag, 125
ArrayBag, 125
ArrayBag, 125
ArrayBag, 84
ArrayBag, 83
ArrayBag, 125
ArrayBag, 84
ArrayBag, 250
ArrayBag, 208
ArrayBag, 500
ArrayBag, 125
ArrayBag, 125
ArrayBag, 125
ArrayBag, 125
ArrayBag, 125
ArrayBag, 125
ArrayBag, 125
ArrayBag, 125
ArrayBag, 125
ArrayBag, 83
ArrayBag, 125
ArrayBag, 125
ArrayBag, 125
ArrayBag, 125
ArrayBag, 125
ArrayBag, 84
ArrayBag, 125
ArrayBag, 125
ArrayBag, 125
ArrayBag, 84
ArrayBag, 83
ArrayBag, 125
ArrayBag, 125
ArrayBag, 125
ArrayBag, 125
ArrayBag, 125
ArrayBag, 125
ArrayBag, 125
ArrayBag, 125
ArrayBag, 125
ArrayBag, 125
ArrayBag, 125
ArrayBag, 125
ArrayBag, 2042
ArrayBag, 125
ArrayBag, 125
ArrayBag, 125
ArrayBag, 125
ArrayBag, 125
ArrayBag, 125
ArrayBag, 125
ArrayBag, 125
ArrayBag, 125
ArrayBag, 125
ArrayBag, 84
ArrayBag, 125
ArrayBag, 83
ArrayBag, 84
ArrayBag, 83
ArrayBag, 84
ArrayBag, 83
ArrayBag, 125
ArrayBag, 125
ArrayBag, 125
ArrayBag, 83
ArrayBag, 84
ArrayBag, 83
ArrayBag, 83
ArrayBag, 84
ArrayBag, 125
ArrayBag, 125
ArrayBag, 83
ArrayBag, 125
ArrayBag, 84
ArrayBag, 83
ArrayBag, 125
ArrayBag, 125
ArrayBag, 83
ArrayBag, 84
ArrayBag, 84
ArrayBag, 83
ArrayBag, 83
ArrayBag, 83
ArrayBag, 84
ArrayBag, 125
ArrayBag, 125
ArrayBag, 83
ArrayBag, 83
ArrayBag, 83
ArrayBag, 84
ArrayBag, 125
ArrayBag, 125
ArrayBag, 83
ArrayBag, 125
ArrayBag, 84
ArrayBag, 83
ArrayBag, 125
ArrayBag, 84
ArrayBag, 84
ArrayBag, 125
ArrayBag, 125
ArrayBag, 84
ArrayBag, 125
ArrayBag, 83
ArrayBag, 84
ArrayBag, 84
ArrayBag, 125
ArrayBag, 83
ArrayBag, 125
ArrayBag, 83
ArrayBag, 83
ArrayBag, 83
ArrayBag, 84
ArrayBag, 125
ArrayBag, 83
ArrayBag, 125
ArrayBag, 125
ArrayBag, 125
ArrayBag, 83
ArrayBag, 125
ArrayBag, 125
ArrayBag, 125
ArrayBag, 125
ArrayBag, 83
ArrayBag, 3083
ArrayBag, 125
ArrayBag, 125
ArrayBag, 125
ArrayBag, 125
ArrayBag, 125
ArrayBag, 125
ArrayBag, 167
ArrayBag, 167
ArrayBag, 209
ArrayBag, 167
ArrayBag, 167
ArrayBag, 167
ArrayBag, 584
ArrayBag, 209
ArrayBag, 167
ArrayBag, 166
ArrayBag, 166
ArrayBag, 167
ArrayBag, 209
ArrayBag, 166
ArrayBag, 166
ArrayBag, 167
ArrayBag, 209
ArrayBag, 167
ArrayBag, 208
ArrayBag, 166
ArrayBag, 167
ArrayBag, 167
ArrayBag, 125
ArrayBag, 166
ArrayBag, 125
ArrayBag, 166
ArrayBag, 125
ArrayBag, 167
ArrayBag, 125
ArrayBag, 167
ArrayBag, 125
ArrayBag, 167
ArrayBag, 125
ArrayBag, 166
ArrayBag, 125
ArrayBag, 167
ArrayBag, 125
ArrayBag, 167
ArrayBag, 125
ArrayBag, 167
ArrayBag, 125
ArrayBag, 125
ArrayBag, 209
ArrayBag, 166
ArrayBag, 209
ArrayBag, 291
ArrayBag, 208
ArrayBag, 167
ArrayBag, 209
ArrayBag, 208
ArrayBag, 208
ArrayBag, 125
ArrayBag, 125
ArrayBag, 166
ArrayBag, 208
ArrayBag, 125
ArrayBag, 166
ArrayBag, 166
ArrayBag, 125
ArrayBag, 167
ArrayBag, 167
ArrayBag, 166
ArrayBag, 166
ArrayBag, 166
ArrayBag, 125
ArrayBag, 167
ArrayBag, 167
ArrayBag, 125
ArrayBag, 166
ArrayBag, 125
ArrayBag, 125
ArrayBag, 125
ArrayBag, 167
ArrayBag, 167
ArrayBag, 167
ArrayBag, 125
ArrayBag, 167
ArrayBag, 167
ArrayBag, 167
ArrayBag, 125
ArrayBag, 125
ArrayBag, 125
ArrayBag, 167
ArrayBag, 167
ArrayBag, 167
ArrayBag, 167
ArrayBag, 125
ArrayBag, 166
ArrayBag, 125
ArrayBag, 167
ArrayBag, 167
ArrayBag, 167
ArrayBag, 125
ArrayBag, 167
ArrayBag, 167
ArrayBag, 167
ArrayBag, 167
ArrayBag, 167
ArrayBag, 167
ArrayBag, 125
ArrayBag, 209
ArrayBag, 167
ArrayBag, 167
ArrayBag, 167
ArrayBag, 167
ArrayBag, 167
ArrayBag, 208
ArrayBag, 208
ArrayBag, 208
ArrayBag, 208
ArrayBag, 167
ArrayBag, 167
ArrayBag, 125
ArrayBag, 167
ArrayBag, 166
ArrayBag, 7708
ArrayBag, 167
ArrayBag, 208
ArrayBag, 167
ArrayBag, 125
ArrayBag, 167
ArrayBag, 167
ArrayBag, 167
ArrayBag, 125
ArrayBag, 125
ArrayBag, 167
ArrayBag, 125
ArrayBag, 125
ArrayBag, 166
ArrayBag, 167
ArrayBag, 167
ArrayBag, 125
ArrayBag, 167
ArrayBag, 125
ArrayBag, 458
ArrayBag, 125
ArrayBag, 166
ArrayBag, 166
ArrayBag, 167
ArrayBag, 209
ArrayBag, 125
ArrayBag, 208
ArrayBag, 208
ArrayBag, 125
ArrayBag, 125
ArrayBag, 250
ArrayBag, 167
ArrayBag, 125
ArrayBag, 166
ArrayBag, 167
ArrayBag, 167
ArrayBag, 125
ArrayBag, 166
ArrayBag, 125
ArrayBag, 125
ArrayBag, 166
ArrayBag, 125
ArrayBag, 167
ArrayBag, 166
ArrayBag, 125
ArrayBag, 167
ArrayBag, 166
ArrayBag, 166
ArrayBag, 167
ArrayBag, 125
ArrayBag, 167
ArrayBag, 166
ArrayBag, 166
ArrayBag, 208
ArrayBag, 167
ArrayBag, 167
ArrayBag, 166
ArrayBag, 125
ArrayBag, 167
ArrayBag, 167
ArrayBag, 166
ArrayBag, 167
ArrayBag, 167
ArrayBag, 166
ArrayBag, 125
ArrayBag, 166
ArrayBag, 167
ArrayBag, 167
ArrayBag, 125
ArrayBag, 167
ArrayBag, 125
ArrayBag, 125
ArrayBag, 125
ArrayBag, 166
ArrayBag, 125
ArrayBag, 167
ArrayBag, 166
ArrayBag, 167
ArrayBag, 167
ArrayBag, 125
ArrayBag, 125
ArrayBag, 125
ArrayBag, 166
ArrayBag, 167
ArrayBag, 167
ArrayBag, 167
ArrayBag, 166
ArrayBag, 167
ArrayBag, 167
ArrayBag, 167
ArrayBag, 166
ArrayBag, 167
ArrayBag, 292
ArrayBag, 166
ArrayBag, 125
ArrayBag, 166
ArrayBag, 125
ArrayBag, 125
ArrayBag, 125
ArrayBag, 125
ArrayBag, 125
ArrayBag, 125
ArrayBag, 125
ArrayBag, 125
ArrayBag, 83
ArrayBag, 125
ArrayBag, 125
ArrayBag, 125
ArrayBag, 125
ArrayBag, 125
ArrayBag, 125
ArrayBag, 125
ArrayBag, 125
ArrayBag, 125
ArrayBag, 125
ArrayBag, 125
ArrayBag, 125
ArrayBag, 125
ArrayBag, 125
ArrayBag, 84
ArrayBag, 84
ArrayBag, 125
ArrayBag, 125
ArrayBag, 125
ArrayBag, 125
ArrayBag, 125
ArrayBag, 125
ArrayBag, 125
ArrayBag, 125
ArrayBag, 125
ArrayBag, 83
ArrayBag, 83
ArrayBag, 125
ArrayBag, 83
ArrayBag, 208
ArrayBag, 125
ArrayBag, 125
ArrayBag, 125
ArrayBag, 167
ArrayBag, 125
ArrayBag, 125
ArrayBag, 125
ArrayBag, 125
ArrayBag, 125
ArrayBag, 125
ArrayBag, 167
ArrayBag, 125
ArrayBag, 83
ArrayBag, 208
ArrayBag, 125
ArrayBag, 125
ArrayBag, 125
ArrayBag, 125
ArrayBag, 125
ArrayBag, 125
ArrayBag, 125
ArrayBag, 125
ArrayBag, 125
ArrayBag, 125
ArrayBag, 125
ArrayBag, 84
ArrayBag, 125
ArrayBag, 125
ArrayBag, 125
ArrayBag, 125
ArrayBag, 125
ArrayBag, 125
ArrayBag, 125
ArrayBag, 125
ArrayBag, 125
ArrayBag, 125
ArrayBag, 83
ArrayBag, 125
ArrayBag, 125
ArrayBag, 125
ArrayBag, 125
ArrayBag, 125
ArrayBag, 125
ArrayBag, 125
ArrayBag, 125
ArrayBag, 125
ArrayBag, 125
ArrayBag, 125
ArrayBag, 2042
ArrayBag, 125
ArrayBag, 125
ArrayBag, 125
ArrayBag, 84
ArrayBag, 125
ArrayBag, 125
ArrayBag, 125
ArrayBag, 125
ArrayBag, 125
ArrayBag, 125
ArrayBag, 83
ArrayBag, 125
ArrayBag, 125
ArrayBag, 125
ArrayBag, 125
ArrayBag, 84
ArrayBag, 83
ArrayBag, 83
ArrayBag, 125
ArrayBag, 125
ArrayBag, 125
ArrayBag, 83
ArrayBag, 125
ArrayBag, 125
ArrayBag, 125
ArrayBag, 125
ArrayBag, 125
ArrayBag, 125
ArrayBag, 125
ArrayBag, 125
ArrayBag, 125
ArrayBag, 83
ArrayBag, 125
ArrayBag, 125
ArrayBag, 84
ArrayBag, 125
ArrayBag, 83
ArrayBag, 83
ArrayBag, 125
ArrayBag, 125
ArrayBag, 83
ArrayBag, 83
ArrayBag, 125
ArrayBag, 84
ArrayBag, 417
ArrayBag, 167
ArrayBag, 125
ArrayBag, 125
ArrayBag, 125
ArrayBag, 167
ArrayBag, 125
ArrayBag, 166
ArrayBag, 83
ArrayBag, 125
ArrayBag, 125
ArrayBag, 125
ArrayBag, 167
ArrayBag, 125
ArrayBag, 125
ArrayBag, 125
ArrayBag, 125
ArrayBag, 83
ArrayBag, 83
ArrayBag, 167
ArrayBag, 167
ArrayBag, 125
ArrayBag, 125
ArrayBag, 167
ArrayBag, 125
ArrayBag, 125
ArrayBag, 166
ArrayBag, 125
ArrayBag, 125
ArrayBag, 83
ArrayBag, 125
ArrayBag, 125
ArrayBag, 125
ArrayBag, 125
ArrayBag, 125
ArrayBag, 125
ArrayBag, 166
ArrayBag, 84
ArrayBag, 167
ArrayBag, 125
ArrayBag, 166
ArrayBag, 84
ArrayBag, 166
ArrayBag, 125
ArrayBag, 84
ArrayBag, 125
ArrayBag, 167
ArrayBag, 83
ArrayBag, 125
ArrayBag, 125
ArrayBag, 125
ArrayBag, 167
ArrayBag, 83
ArrayBag, 125
ArrayBag, 84
ArrayBag, 125
ArrayBag, 167
ArrayBag, 125
ArrayBag, 125
ArrayBag, 84
ArrayBag, 125
ArrayBag, 125
ArrayBag, 125
ArrayBag, 83
ArrayBag, 125
ArrayBag, 83
ArrayBag, 125
ArrayBag, 125
ArrayBag, 125
ArrayBag, 125
ArrayBag, 125
ArrayBag, 125
ArrayBag, 83
ArrayBag, 125
ArrayBag, 125
ArrayBag, 125
ArrayBag, 83
ArrayBag, 125
ArrayBag, 125
ArrayBag, 125
ArrayBag, 125
ArrayBag, 125
ArrayBag, 83
ArrayBag, 125
ArrayBag, 125
ArrayBag, 166
ArrayBag, 125
ArrayBag, 125
ArrayBag, 125
ArrayBag, 125
ArrayBag, 125
ArrayBag, 83
ArrayBag, 125
ArrayBag, 125
ArrayBag, 83
ArrayBag, 125
ArrayBag, 125
ArrayBag, 125
ArrayBag, 125
ArrayBag, 84
ArrayBag, 125
ArrayBag, 125
ArrayBag, 125
ArrayBag, 84
ArrayBag, 125
ArrayBag, 125
ArrayBag, 167
ArrayBag, 209
ArrayBag, 83
ArrayBag, 125
ArrayBag, 83
ArrayBag, 125
ArrayBag, 42
ArrayBag, 125
ArrayBag, 125
ArrayBag, 125
ArrayBag, 125
ArrayBag, 125
ArrayBag, 84
ArrayBag, 83
ArrayBag, 84
ArrayBag, 125
ArrayBag, 167
ArrayBag, 125
ArrayBag, 125
ArrayBag, 125
ArrayBag, 125
ArrayBag, 125
ArrayBag, 83
ArrayBag, 125
ArrayBag, 125
ArrayBag, 125
ArrayBag, 125
ArrayBag, 83
ArrayBag, 83
ArrayBag, 84
ArrayBag, 125
ArrayBag, 125
ArrayBag, 125
ArrayBag, 125
ArrayBag, 125
ArrayBag, 125
ArrayBag, 84
ArrayBag, 125
ArrayBag, 125
ArrayBag, 125
ArrayBag, 125
ArrayBag, 125
ArrayBag, 125
ArrayBag, 83
ArrayBag, 125
ArrayBag, 125
ArrayBag, 125
ArrayBag, 125
ArrayBag, 125
ArrayBag, 125
ArrayBag, 83
ArrayBag, 83
ArrayBag, 125
ArrayBag, 125
ArrayBag, 125
ArrayBag, 84
ArrayBag, 125
ArrayBag, 83
ArrayBag, 166
ArrayBag, 125
ArrayBag, 125
ArrayBag, 125
ArrayBag, 125
ArrayBag, 167
ArrayBag, 125
ArrayBag, 166
ArrayBag, 125
ArrayBag, 125
ArrayBag, 125
ArrayBag, 83
ArrayBag, 84
ArrayBag, 125
ArrayBag, 125
ArrayBag, 84
ArrayBag, 125
ArrayBag, 125
ArrayBag, 125
ArrayBag, 125
ArrayBag, 125
ArrayBag, 125
ArrayBag, 125
ArrayBag, 125
ArrayBag, 125
ArrayBag, 125
ArrayBag, 125
ArrayBag, 125
ArrayBag, 125
ArrayBag, 83
ArrayBag, 125
ArrayBag, 83
ArrayBag, 125
ArrayBag, 125
ArrayBag, 84
ArrayBag, 83
ArrayBag, 125
ArrayBag, 125
ArrayBag, 125
ArrayBag, 125
ArrayBag, 125
ArrayBag, 84
ArrayBag, 125
ArrayBag, 83
ArrayBag, 83
ArrayBag, 84
ArrayBag, 125
ArrayBag, 125
ArrayBag, 83
ArrayBag, 125
ArrayBag, 125
ArrayBag, 125
ArrayBag, 84
ArrayBag, 125
ArrayBag, 125
ArrayBag, 125
ArrayBag, 125
ArrayBag, 125
ArrayBag, 125
ArrayBag, 83
ArrayBag, 84
ArrayBag, 83
ArrayBag, 83
ArrayBag, 125
ArrayBag, 125
ArrayBag, 6167
ArrayBag, 125
ArrayBag, 84
ArrayBag, 83
ArrayBag, 83
ArrayBag, 125
ArrayBag, 125
ArrayBag, 125
ArrayBag, 125
ArrayBag, 125
ArrayBag, 125
ArrayBag, 125
ArrayBag, 125
ArrayBag, 125
ArrayBag, 125
ArrayBag, 125
ArrayBag, 125
ArrayBag, 83
ArrayBag, 84
ArrayBag, 125
ArrayBag, 125
ArrayBag, 125
ArrayBag, 125
ArrayBag, 125
ArrayBag, 83
ArrayBag, 125
ArrayBag, 125
ArrayBag, 83
ArrayBag, 125
ArrayBag, 84
ArrayBag, 83
ArrayBag, 83
ArrayBag, 125
ArrayBag, 125
ArrayBag, 125
ArrayBag, 125
ArrayBag, 125
ArrayBag, 84
ArrayBag, 83
ArrayBag, 83
ArrayBag, 84
ArrayBag, 83
ArrayBag, 125
ArrayBag, 125
ArrayBag, 125
ArrayBag, 125
ArrayBag, 125
ArrayBag, 125
ArrayBag, 83
ArrayBag, 84
ArrayBag, 83
ArrayBag, 125
ArrayBag, 125
ArrayBag, 83
ArrayBag, 125
ArrayBag, 84
ArrayBag, 83
ArrayBag, 125
ArrayBag, 125
ArrayBag, 125
ArrayBag, 84
ArrayBag, 125
ArrayBag, 125
ArrayBag, 125
ArrayBag, 125
ArrayBag, 125
ArrayBag, 125
ArrayBag, 125
ArrayBag, 125
ArrayBag, 125
ArrayBag, 83
ArrayBag, 84
ArrayBag, 84
ArrayBag, 125
ArrayBag, 125
ArrayBag, 125
ArrayBag, 125
ArrayBag, 125
ArrayBag, 125
ArrayBag, 125
ArrayBag, 125
ArrayBag, 125
ArrayBag, 83
ArrayBag, 83
ArrayBag, 125
ArrayBag, 125
ArrayBag, 125
ArrayBag, 125
ArrayBag, 125
ArrayBag, 125
ArrayBag, 125
ArrayBag, 125
ArrayBag, 83
ArrayBag, 125
ArrayBag, 125
ArrayBag, 83
ArrayBag, 84
ArrayBag, 125
ArrayBag, 83
ArrayBag, 83
ArrayBag, 125
ArrayBag, 125
ArrayBag, 83
ArrayBag, 83
ArrayBag, 125
ArrayBag, 125
ArrayBag, 83
ArrayBag, 83
ArrayBag, 125
ArrayBag, 125
ArrayBag, 83
ArrayBag, 83
ArrayBag, 125
ArrayBag, 125
ArrayBag, 125
ArrayBag, 125
ArrayBag, 125
ArrayBag, 125
ArrayBag, 125
ArrayBag, 125
ArrayBag, 125
ArrayBag, 83
ArrayBag, 83
ArrayBag, 125
ArrayBag, 125
ArrayBag, 125
ArrayBag, 166
ArrayBag, 166
ArrayBag, 125
ArrayBag, 125
ArrayBag, 166
ArrayBag, 125
ArrayBag, 125
ArrayBag, 125
ArrayBag, 125
ArrayBag, 125
ArrayBag, 125
ArrayBag, 84
ArrayBag, 125
ArrayBag, 125
ArrayBag, 125
ArrayBag, 125
ArrayBag, 83
ArrayBag, 125
ArrayBag, 125
ArrayBag, 84
ArrayBag, 125
ArrayBag, 125
ArrayBag, 125
ArrayBag, 83
ArrayBag, 125
ArrayBag, 125
ArrayBag, 125
ArrayBag, 83
ArrayBag, 125
ArrayBag, 125
ArrayBag, 125
ArrayBag, 83
ArrayBag, 125
ArrayBag, 125
ArrayBag, 125
ArrayBag, 84
ArrayBag, 125
ArrayBag, 125
ArrayBag, 125
ArrayBag, 125
ArrayBag, 83
ArrayBag, 125
ArrayBag, 125
ArrayBag, 84
ArrayBag, 125
ArrayBag, 83
ArrayBag, 125
ArrayBag, 125
ArrayBag, 125
ArrayBag, 83
ArrayBag, 125
ArrayBag, 125
ArrayBag, 125
