ArrayListBag, 21959
ArrayListBag, 541
ArrayListBag, 334
ArrayListBag, 500
ArrayListBag, 250
ArrayListBag, 417
ArrayListBag, 292
ArrayListBag, 250
ArrayListBag, 250
ArrayListBag, 250
ArrayListBag, 10000
ArrayListBag, 292
ArrayListBag, 292
ArrayListBag, 250
ArrayListBag, 292
ArrayListBag, 1166
ArrayListBag, 792
ArrayListBag, 291
ArrayListBag, 292
ArrayListBag, 291
ArrayListBag, 250
ArrayListBag, 250
ArrayListBag, 2208
ArrayListBag, 333
ArrayListBag, 250
ArrayListBag, 292
ArrayListBag, 250
ArrayListBag, 250
ArrayListBag, 250
ArrayListBag, 250
ArrayListBag, 250
ArrayListBag, 250
ArrayListBag, 292
ArrayListBag, 1375
ArrayListBag, 292
ArrayListBag, 250
ArrayListBag, 292
ArrayListBag, 250
ArrayListBag, 250
ArrayListBag, 250
ArrayListBag, 250
ArrayListBag, 250
ArrayListBag, 250
ArrayListBag, 250
ArrayListBag, 250
ArrayListBag, 292
ArrayListBag, 250
ArrayListBag, 250
ArrayListBag, 250
ArrayListBag, 1750
ArrayListBag, 292
ArrayListBag, 250
ArrayListBag, 250
ArrayListBag, 250
ArrayListBag, 292
ArrayListBag, 250
ArrayListBag, 250
ArrayListBag, 250
ArrayListBag, 250
ArrayListBag, 250
ArrayListBag, 250
ArrayListBag, 250
ArrayListBag, 250
ArrayListBag, 667
ArrayListBag, 416
ArrayListBag, 250
ArrayListBag, 250
ArrayListBag, 291
ArrayListBag, 250
ArrayListBag, 291
ArrayListBag, 1292
ArrayListBag, 333
ArrayListBag, 292
ArrayListBag, 1250
ArrayListBag, 333
ArrayListBag, 375
ArrayListBag, 334
ArrayListBag, 875
ArrayListBag, 333
ArrayListBag, 333
ArrayListBag, 292
ArrayListBag, 292
ArrayListBag, 292
ArrayListBag, 1209
ArrayListBag, 333
ArrayListBag, 333
ArrayListBag, 333
ArrayListBag, 333
ArrayListBag, 333
ArrayListBag, 333
ArrayListBag, 333
ArrayListBag, 291
ArrayListBag, 291
ArrayListBag, 291
ArrayListBag, 292
ArrayListBag, 292
ArrayListBag, 333
ArrayListBag, 292
ArrayListBag, 334
ArrayListBag, 334
ArrayListBag, 334
ArrayListBag, 334
ArrayListBag, 334
ArrayListBag, 292
ArrayListBag, 334
ArrayListBag, 334
ArrayListBag, 334
ArrayListBag, 334
ArrayListBag, 334
ArrayListBag, 1209
ArrayListBag, 333
ArrayListBag, 333
ArrayListBag, 333
ArrayListBag, 333
ArrayListBag, 333
ArrayListBag, 333
ArrayListBag, 292
ArrayListBag, 292
ArrayListBag, 292
ArrayListBag, 292
ArrayListBag, 292
ArrayListBag, 292
ArrayListBag, 292
ArrayListBag, 1875
ArrayListBag, 333
ArrayListBag, 292
ArrayListBag, 292
ArrayListBag, 708
ArrayListBag, 333
ArrayListBag, 292
ArrayListBag, 416
ArrayListBag, 291
ArrayListBag, 291
ArrayListBag, 375
ArrayListBag, 375
ArrayListBag, 375
ArrayListBag, 416
ArrayListBag, 375
ArrayListBag, 375
ArrayListBag, 375
ArrayListBag, 375
ArrayListBag, 416
ArrayListBag, 417
ArrayListBag, 417
ArrayListBag, 375
ArrayListBag, 333
ArrayListBag, 292
ArrayListBag, 292
ArrayListBag, 334
ArrayListBag, 334
ArrayListBag, 334
ArrayListBag, 333
ArrayListBag, 459
ArrayListBag, 333
ArrayListBag, 292
ArrayListBag, 292
ArrayListBag, 334
ArrayListBag, 292
ArrayListBag, 292
ArrayListBag, 292
ArrayListBag, 334
ArrayListBag, 334
ArrayListBag, 292
ArrayListBag, 1292
ArrayListBag, 334
ArrayListBag, 292
ArrayListBag, 292
ArrayListBag, 292
ArrayListBag, 292
ArrayListBag, 333
ArrayListBag, 333
ArrayListBag, 333
ArrayListBag, 333
ArrayListBag, 333
ArrayListBag, 291
ArrayListBag, 291
ArrayListBag, 291
ArrayListBag, 708
ArrayListBag, 334
ArrayListBag, 292
ArrayListBag, 334
ArrayListBag, 292
ArrayListBag, 292
ArrayListBag, 375
ArrayListBag, 333
ArrayListBag, 292
ArrayListBag, 334
ArrayListBag, 334
ArrayListBag, 1834
ArrayListBag, 333
ArrayListBag, 333
ArrayListBag, 334
ArrayListBag, 334
ArrayListBag, 334
ArrayListBag, 292
ArrayListBag, 334
ArrayListBag, 292
ArrayListBag, 333
ArrayListBag, 333
ArrayListBag, 333
ArrayListBag, 333
ArrayListBag, 333
ArrayListBag, 292
ArrayListBag, 334
ArrayListBag, 292
ArrayListBag, 334
ArrayListBag, 292
ArrayListBag, 292
ArrayListBag, 333
ArrayListBag, 333
ArrayListBag, 333
ArrayListBag, 1000
ArrayListBag, 333
ArrayListBag, 333
ArrayListBag, 333
ArrayListBag, 333
ArrayListBag, 333
ArrayListBag, 292
ArrayListBag, 333
ArrayListBag, 333
ArrayListBag, 291
ArrayListBag, 333
ArrayListBag, 292
ArrayListBag, 333
ArrayListBag, 333
ArrayListBag, 333
ArrayListBag, 333
ArrayListBag, 333
ArrayListBag, 291
ArrayListBag, 291
ArrayListBag, 333
ArrayListBag, 291
ArrayListBag, 333
ArrayListBag, 333
ArrayListBag, 292
ArrayListBag, 292
ArrayListBag, 292
ArrayListBag, 292
ArrayListBag, 334
ArrayListBag, 333
ArrayListBag, 333
ArrayListBag, 292
ArrayListBag, 292
ArrayListBag, 334
ArrayListBag, 1375
ArrayListBag, 334
ArrayListBag, 334
ArrayListBag, 333
ArrayListBag, 333
ArrayListBag, 333
ArrayListBag, 333
ArrayListBag, 2875
ArrayListBag, 333
ArrayListBag, 291
ArrayListBag, 291
ArrayListBag, 833
ArrayListBag, 292
ArrayListBag, 334
ArrayListBag, 292
ArrayListBag, 292
ArrayListBag, 292
ArrayListBag, 292
ArrayListBag, 292
ArrayListBag, 292
ArrayListBag, 292
ArrayListBag, 333
ArrayListBag, 333
ArrayListBag, 291
ArrayListBag, 291
ArrayListBag, 291
ArrayListBag, 291
ArrayListBag, 333
ArrayListBag, 291
ArrayListBag, 333
ArrayListBag, 333
ArrayListBag, 333
ArrayListBag, 333
ArrayListBag, 333
ArrayListBag, 292
ArrayListBag, 334
ArrayListBag, 334
ArrayListBag, 292
ArrayListBag, 334
ArrayListBag, 333
ArrayListBag, 333
ArrayListBag, 333
ArrayListBag, 333
ArrayListBag, 333
ArrayListBag, 333
ArrayListBag, 333
ArrayListBag, 292
ArrayListBag, 334
ArrayListBag, 334
ArrayListBag, 334
ArrayListBag, 334
ArrayListBag, 334
ArrayListBag, 334
ArrayListBag, 292
ArrayListBag, 292
ArrayListBag, 333
ArrayListBag, 292
ArrayListBag, 292
ArrayListBag, 333
ArrayListBag, 333
ArrayListBag, 333
ArrayListBag, 833
ArrayListBag, 333
ArrayListBag, 333
ArrayListBag, 334
ArrayListBag, 334
ArrayListBag, 334
ArrayListBag, 334
ArrayListBag, 334
ArrayListBag, 334
ArrayListBag, 292
ArrayListBag, 292
ArrayListBag, 2084
ArrayListBag, 375
ArrayListBag, 334
ArrayListBag, 334
ArrayListBag, 334
ArrayListBag, 334
ArrayListBag, 459
ArrayListBag, 292
ArrayListBag, 334
ArrayListBag, 333
ArrayListBag, 333
ArrayListBag, 333
ArrayListBag, 333
ArrayListBag, 292
ArrayListBag, 334
ArrayListBag, 334
ArrayListBag, 334
ArrayListBag, 334
ArrayListBag, 334
ArrayListBag, 292
ArrayListBag, 292
ArrayListBag, 333
ArrayListBag, 333
ArrayListBag, 1208
ArrayListBag, 334
ArrayListBag, 292
ArrayListBag, 292
ArrayListBag, 333
ArrayListBag, 333
ArrayListBag, 291
ArrayListBag, 291
ArrayListBag, 333
ArrayListBag, 333
ArrayListBag, 292
ArrayListBag, 333
ArrayListBag, 333
ArrayListBag, 2333
ArrayListBag, 458
ArrayListBag, 333
ArrayListBag, 333
ArrayListBag, 291
ArrayListBag, 291
ArrayListBag, 333
ArrayListBag, 291
ArrayListBag, 333
ArrayListBag, 333
ArrayListBag, 292
ArrayListBag, 292
ArrayListBag, 292
ArrayListBag, 292
ArrayListBag, 4042
ArrayListBag, 333
ArrayListBag, 334
ArrayListBag, 333
ArrayListBag, 291
ArrayListBag, 291
ArrayListBag, 291
ArrayListBag, 291
ArrayListBag, 291
ArrayListBag, 333
ArrayListBag, 291
ArrayListBag, 333
ArrayListBag, 333
ArrayListBag, 1417
ArrayListBag, 333
ArrayListBag, 291
ArrayListBag, 291
ArrayListBag, 791
ArrayListBag, 375
ArrayListBag, 333
ArrayListBag, 333
ArrayListBag, 292
ArrayListBag, 292
ArrayListBag, 334
ArrayListBag, 334
ArrayListBag, 292
ArrayListBag, 292
ArrayListBag, 333
ArrayListBag, 333
ArrayListBag, 333
ArrayListBag, 333
ArrayListBag, 291
ArrayListBag, 291
ArrayListBag, 291
ArrayListBag, 333
ArrayListBag, 333
ArrayListBag, 333
ArrayListBag, 333
ArrayListBag, 333
ArrayListBag, 333
ArrayListBag, 292
ArrayListBag, 291
ArrayListBag, 334
ArrayListBag, 333
ArrayListBag, 333
ArrayListBag, 333
ArrayListBag, 333
ArrayListBag, 333
ArrayListBag, 333
ArrayListBag, 333
ArrayListBag, 333
ArrayListBag, 333
ArrayListBag, 333
ArrayListBag, 375
ArrayListBag, 333
ArrayListBag, 334
ArrayListBag, 333
ArrayListBag, 292
ArrayListBag, 333
ArrayListBag, 333
ArrayListBag, 292
ArrayListBag, 333
ArrayListBag, 334
ArrayListBag, 333
ArrayListBag, 292
ArrayListBag, 292
ArrayListBag, 333
ArrayListBag, 5250
ArrayListBag, 584
ArrayListBag, 334
ArrayListBag, 333
ArrayListBag, 375
ArrayListBag, 292
ArrayListBag, 334
ArrayListBag, 333
ArrayListBag, 291
ArrayListBag, 334
ArrayListBag, 333
ArrayListBag, 792
ArrayListBag, 333
ArrayListBag, 333
ArrayListBag, 292
ArrayListBag, 333
ArrayListBag, 334
ArrayListBag, 291
ArrayListBag, 334
ArrayListBag, 333
ArrayListBag, 292
ArrayListBag, 500
ArrayListBag, 333
ArrayListBag, 375
ArrayListBag, 292
ArrayListBag, 333
ArrayListBag, 333
ArrayListBag, 292
ArrayListBag, 291
ArrayListBag, 334
ArrayListBag, 291
ArrayListBag, 292
ArrayListBag, 333
ArrayListBag, 333
ArrayListBag, 5500
ArrayListBag, 458
ArrayListBag, 292
ArrayListBag, 292
ArrayListBag, 292
ArrayListBag, 292
ArrayListBag, 292
ArrayListBag, 292
ArrayListBag, 292
ArrayListBag, 333
ArrayListBag, 292
ArrayListBag, 333
ArrayListBag, 667
ArrayListBag, 292
ArrayListBag, 291
ArrayListBag, 334
ArrayListBag, 333
ArrayListBag, 292
ArrayListBag, 291
ArrayListBag, 291
ArrayListBag, 292
ArrayListBag, 333
ArrayListBag, 292
ArrayListBag, 333
ArrayListBag, 292
ArrayListBag, 292
ArrayListBag, 333
ArrayListBag, 292
ArrayListBag, 291
ArrayListBag, 334
ArrayListBag, 291
ArrayListBag, 334
ArrayListBag, 291
ArrayListBag, 292
ArrayListBag, 291
ArrayListBag, 334
ArrayListBag, 291
ArrayListBag, 292
ArrayListBag, 291
ArrayListBag, 292
ArrayListBag, 833
ArrayListBag, 292
ArrayListBag, 333
ArrayListBag, 292
ArrayListBag, 2500
ArrayListBag, 375
ArrayListBag, 292
ArrayListBag, 291
ArrayListBag, 334
ArrayListBag, 291
ArrayListBag, 292
ArrayListBag, 291
ArrayListBag, 333
ArrayListBag, 292
ArrayListBag, 333
ArrayListBag, 292
ArrayListBag, 333
ArrayListBag, 292
ArrayListBag, 333
ArrayListBag, 292
ArrayListBag, 333
ArrayListBag, 333
ArrayListBag, 292
ArrayListBag, 333
ArrayListBag, 292
ArrayListBag, 291
ArrayListBag, 292
ArrayListBag, 291
ArrayListBag, 291
ArrayListBag, 459
ArrayListBag, 292
ArrayListBag, 333
ArrayListBag, 292
ArrayListBag, 333
ArrayListBag, 292
ArrayListBag, 333
ArrayListBag, 292
ArrayListBag, 333
ArrayListBag, 292
ArrayListBag, 292
ArrayListBag, 333
ArrayListBag, 291
ArrayListBag, 2375
ArrayListBag, 334
ArrayListBag, 292
ArrayListBag, 333
ArrayListBag, 334
ArrayListBag, 334
ArrayListBag, 334
ArrayListBag, 291
ArrayListBag, 459
ArrayListBag, 334
ArrayListBag, 291
ArrayListBag, 375
ArrayListBag, 1125
ArrayListBag, 375
ArrayListBag, 416
ArrayListBag, 416
ArrayListBag, 375
ArrayListBag, 375
ArrayListBag, 375
ArrayListBag, 375
ArrayListBag, 333
ArrayListBag, 375
ArrayListBag, 416
ArrayListBag, 750
ArrayListBag, 333
ArrayListBag, 292
ArrayListBag, 333
ArrayListBag, 292
ArrayListBag, 333
ArrayListBag, 292
ArrayListBag, 291
ArrayListBag, 292
ArrayListBag, 333
ArrayListBag, 292
ArrayListBag, 333
ArrayListBag, 292
ArrayListBag, 291
ArrayListBag, 292
ArrayListBag, 291
ArrayListBag, 459
ArrayListBag, 333
ArrayListBag, 292
ArrayListBag, 333
ArrayListBag, 292
ArrayListBag, 333
ArrayListBag, 291
ArrayListBag, 1042
ArrayListBag, 333
ArrayListBag, 333
ArrayListBag, 292
ArrayListBag, 333
ArrayListBag, 292
ArrayListBag, 500
ArrayListBag, 334
ArrayListBag, 250
ArrayListBag, 250
ArrayListBag, 334
ArrayListBag, 292
ArrayListBag, 292
ArrayListBag, 291
ArrayListBag, 292
ArrayListBag, 291
ArrayListBag, 292
ArrayListBag, 333
ArrayListBag, 292
ArrayListBag, 292
ArrayListBag, 291
ArrayListBag, 292
ArrayListBag, 292
ArrayListBag, 291
ArrayListBag, 292
ArrayListBag, 292
ArrayListBag, 291
ArrayListBag, 250
ArrayListBag, 292
ArrayListBag, 291
ArrayListBag, 292
ArrayListBag, 292
ArrayListBag, 291
ArrayListBag, 292
ArrayListBag, 334
ArrayListBag, 292
ArrayListBag, 291
ArrayListBag, 291
ArrayListBag, 292
ArrayListBag, 292
ArrayListBag, 291
ArrayListBag, 459
ArrayListBag, 291
ArrayListBag, 292
ArrayListBag, 708
ArrayListBag, 292
ArrayListBag, 292
ArrayListBag, 291
ArrayListBag, 292
ArrayListBag, 292
ArrayListBag, 291
ArrayListBag, 292
ArrayListBag, 375
ArrayListBag, 333
ArrayListBag, 333
ArrayListBag, 333
ArrayListBag, 333
ArrayListBag, 333
ArrayListBag, 333
ArrayListBag, 333
ArrayListBag, 333
ArrayListBag, 334
ArrayListBag, 333
ArrayListBag, 459
ArrayListBag, 375
ArrayListBag, 250
ArrayListBag, 250
ArrayListBag, 250
ArrayListBag, 250
ArrayListBag, 250
ArrayListBag, 291
ArrayListBag, 292
ArrayListBag, 291
ArrayListBag, 250
ArrayListBag, 250
ArrayListBag, 250
ArrayListBag, 334
ArrayListBag, 250
ArrayListBag, 250
ArrayListBag, 250
ArrayListBag, 292
ArrayListBag, 250
ArrayListBag, 250
ArrayListBag, 250
ArrayListBag, 250
ArrayListBag, 250
ArrayListBag, 292
ArrayListBag, 250
ArrayListBag, 250
ArrayListBag, 250
ArrayListBag, 250
ArrayListBag, 250
ArrayListBag, 292
ArrayListBag, 250
ArrayListBag, 625
ArrayListBag, 250
ArrayListBag, 250
ArrayListBag, 250
ArrayListBag, 250
ArrayListBag, 250
ArrayListBag, 250
ArrayListBag, 292
ArrayListBag, 250
ArrayListBag, 250
ArrayListBag, 250
ArrayListBag, 292
ArrayListBag, 250
ArrayListBag, 250
ArrayListBag, 250
ArrayListBag, 250
ArrayListBag, 250
ArrayListBag, 209
ArrayListBag, 625
ArrayListBag, 250
ArrayListBag, 250
ArrayListBag, 292
ArrayListBag, 250
ArrayListBag, 250
ArrayListBag, 250
ArrayListBag, 291
ArrayListBag, 250
ArrayListBag, 250
ArrayListBag, 250
ArrayListBag, 250
ArrayListBag, 250
ArrayListBag, 250
ArrayListBag, 250
ArrayListBag, 250
ArrayListBag, 959
ArrayListBag, 250
ArrayListBag, 250
ArrayListBag, 250
ArrayListBag, 250
ArrayListBag, 250
ArrayListBag, 250
ArrayListBag, 250
ArrayListBag, 250
ArrayListBag, 250
ArrayListBag, 250
ArrayListBag, 250
ArrayListBag, 250
ArrayListBag, 291
ArrayListBag, 250
ArrayListBag, 250
ArrayListBag, 250
ArrayListBag, 250
ArrayListBag, 250
ArrayListBag, 250
ArrayListBag, 250
ArrayListBag, 250
ArrayListBag, 250
ArrayListBag, 292
ArrayListBag, 250
ArrayListBag, 250
ArrayListBag, 250
ArrayListBag, 250
ArrayListBag, 250
ArrayListBag, 250
ArrayListBag, 291
ArrayListBag, 250
ArrayListBag, 250
ArrayListBag, 292
ArrayListBag, 250
ArrayListBag, 250
ArrayListBag, 292
ArrayListBag, 208
ArrayListBag, 250
ArrayListBag, 250
ArrayListBag, 250
ArrayListBag, 250
ArrayListBag, 291
ArrayListBag, 250
ArrayListBag, 625
ArrayListBag, 250
ArrayListBag, 250
ArrayListBag, 250
ArrayListBag, 250
ArrayListBag, 250
ArrayListBag, 250
ArrayListBag, 250
ArrayListBag, 250
ArrayListBag, 375
ArrayListBag, 334
ArrayListBag, 250
ArrayListBag, 250
ArrayListBag, 209
ArrayListBag, 209
ArrayListBag, 209
ArrayListBag, 250
ArrayListBag, 167
ArrayListBag, 250
ArrayListBag, 209
ArrayListBag, 250
ArrayListBag, 208
ArrayListBag, 250
ArrayListBag, 250
ArrayListBag, 208
ArrayListBag, 208
ArrayListBag, 209
ArrayListBag, 209
ArrayListBag, 208
ArrayListBag, 250
ArrayListBag, 208
ArrayListBag, 250
ArrayListBag, 209
ArrayListBag, 250
ArrayListBag, 208
ArrayListBag, 250
ArrayListBag, 208
ArrayListBag, 208
ArrayListBag, 209
ArrayListBag, 250
ArrayListBag, 208
ArrayListBag, 250
ArrayListBag, 459
ArrayListBag, 250
ArrayListBag, 208
ArrayListBag, 208
ArrayListBag, 250
ArrayListBag, 209
ArrayListBag, 250
ArrayListBag, 208
ArrayListBag, 250
ArrayListBag, 250
ArrayListBag, 208
ArrayListBag, 209
ArrayListBag, 209
ArrayListBag, 208
ArrayListBag, 5167
ArrayListBag, 209
ArrayListBag, 250
ArrayListBag, 208
ArrayListBag, 208
ArrayListBag, 208
ArrayListBag, 250
ArrayListBag, 209
ArrayListBag, 209
ArrayListBag, 208
ArrayListBag, 250
ArrayListBag, 208
ArrayListBag, 250
ArrayListBag, 209
ArrayListBag, 250
ArrayListBag, 208
ArrayListBag, 208
ArrayListBag, 250
ArrayListBag, 209
ArrayListBag, 250
ArrayListBag, 208
ArrayListBag, 208
ArrayListBag, 208
ArrayListBag, 209
ArrayListBag, 250
ArrayListBag, 208
ArrayListBag, 250
ArrayListBag, 209
ArrayListBag, 959
ArrayListBag, 250
ArrayListBag, 208
ArrayListBag, 250
ArrayListBag, 208
ArrayListBag, 250
ArrayListBag, 209
ArrayListBag, 208
ArrayListBag, 250
ArrayListBag, 208
ArrayListBag, 208
ArrayListBag, 209
ArrayListBag, 250
ArrayListBag, 208
ArrayListBag, 250
ArrayListBag, 208
ArrayListBag, 250
ArrayListBag, 209
ArrayListBag, 250
ArrayListBag, 208
ArrayListBag, 250
ArrayListBag, 208
ArrayListBag, 209
ArrayListBag, 209
ArrayListBag, 250
ArrayListBag, 208
ArrayListBag, 250
ArrayListBag, 208
ArrayListBag, 250
ArrayListBag, 209
ArrayListBag, 250
ArrayListBag, 208
ArrayListBag, 333
ArrayListBag, 209
ArrayListBag, 209
ArrayListBag, 208
ArrayListBag, 250
ArrayListBag, 208
ArrayListBag, 208
ArrayListBag, 250
ArrayListBag, 209
ArrayListBag, 250
ArrayListBag, 208
ArrayListBag, 208
ArrayListBag, 583
ArrayListBag, 250
ArrayListBag, 250
ArrayListBag, 209
ArrayListBag, 250
ArrayListBag, 209
ArrayListBag, 250
ArrayListBag, 208
ArrayListBag, 208
ArrayListBag, 208
ArrayListBag, 208
ArrayListBag, 209
ArrayListBag, 209
ArrayListBag, 250
ArrayListBag, 416
ArrayListBag, 208
ArrayListBag, 167
ArrayListBag, 167
ArrayListBag, 166
ArrayListBag, 167
ArrayListBag, 125
ArrayListBag, 167
ArrayListBag, 167
ArrayListBag, 167
ArrayListBag, 167
ArrayListBag, 167
ArrayListBag, 166
ArrayListBag, 166
ArrayListBag, 167
ArrayListBag, 166
ArrayListBag, 167
ArrayListBag, 167
ArrayListBag, 166
ArrayListBag, 167
ArrayListBag, 167
ArrayListBag, 166
ArrayListBag, 167
ArrayListBag, 167
ArrayListBag, 166
ArrayListBag, 167
ArrayListBag, 125
ArrayListBag, 125
ArrayListBag, 167
ArrayListBag, 166
ArrayListBag, 167
ArrayListBag, 166
ArrayListBag, 167
ArrayListBag, 167
ArrayListBag, 166
ArrayListBag, 167
ArrayListBag, 167
ArrayListBag, 166
ArrayListBag, 167
ArrayListBag, 333
ArrayListBag, 125
ArrayListBag, 125
ArrayListBag, 167
ArrayListBag, 167
ArrayListBag, 166
ArrayListBag, 167
ArrayListBag, 167
ArrayListBag, 166
ArrayListBag, 167
ArrayListBag, 166
ArrayListBag, 167
ArrayListBag, 167
ArrayListBag, 166
ArrayListBag, 167
ArrayListBag, 167
ArrayListBag, 166
ArrayListBag, 167
ArrayListBag, 167
ArrayListBag, 166
ArrayListBag, 167
ArrayListBag, 125
ArrayListBag, 125
ArrayListBag, 167
ArrayListBag, 166
ArrayListBag, 167
ArrayListBag, 167
ArrayListBag, 166
ArrayListBag, 167
ArrayListBag, 167
ArrayListBag, 166
ArrayListBag, 167
ArrayListBag, 125
ArrayListBag, 166
ArrayListBag, 167
ArrayListBag, 167
ArrayListBag, 166
ArrayListBag, 167
ArrayListBag, 167
ArrayListBag, 166
ArrayListBag, 125
ArrayListBag, 167
ArrayListBag, 125
ArrayListBag, 125
ArrayListBag, 167
ArrayListBag, 208
ArrayListBag, 167
ArrayListBag, 167
ArrayListBag, 166
ArrayListBag, 167
ArrayListBag, 125
ArrayListBag, 167
