ArrayBag, 1625
ArrayBag, 500
ArrayBag, 334
ArrayBag, 292
ArrayBag, 292
ArrayBag, 292
ArrayBag, 292
ArrayBag, 333
ArrayBag, 250
ArrayBag, 291
ArrayBag, 292
ArrayBag, 292
ArrayBag, 291
ArrayBag, 334
ArrayBag, 375
ArrayBag, 333
ArrayBag, 333
ArrayBag, 375
ArrayBag, 333
ArrayBag, 333
ArrayBag, 375
ArrayBag, 375
ArrayBag, 417
ArrayBag, 417
ArrayBag, 416
ArrayBag, 459
ArrayBag, 416
ArrayBag, 417
ArrayBag, 459
ArrayBag, 458
ArrayBag, 583
ArrayBag, 458
ArrayBag, 458
ArrayBag, 500
ArrayBag, 500
ArrayBag, 541
ArrayBag, 500
ArrayBag, 542
ArrayBag, 583
ArrayBag, 583
ArrayBag, 625
ArrayBag, 583
ArrayBag, 583
ArrayBag, 583
ArrayBag, 625
ArrayBag, 1208
ArrayBag, 667
ArrayBag, 709
ArrayBag, 625
ArrayBag, 708
ArrayBag, 709
ArrayBag, 709
ArrayBag, 709
ArrayBag, 750
ArrayBag, 709
ArrayBag, 792
ArrayBag, 791
ArrayBag, 750
ArrayBag, 791
ArrayBag, 791
ArrayBag, 792
ArrayBag, 792
ArrayBag, 791
ArrayBag, 1208
ArrayBag, 875
ArrayBag, 833
ArrayBag, 833
ArrayBag, 834
ArrayBag, 833
ArrayBag, 834
ArrayBag, 875
ArrayBag, 917
ArrayBag, 917
ArrayBag, 916
ArrayBag, 917
ArrayBag, 1000
ArrayBag, 917
ArrayBag, 958
ArrayBag, 1541
ArrayBag, 1125
ArrayBag, 1000
ArrayBag, 1000
ArrayBag, 1000
ArrayBag, 1042
ArrayBag, 1042
ArrayBag, 1041
ArrayBag, 1084
ArrayBag, 1167
ArrayBag, 1209
ArrayBag, 1083
ArrayBag, 1500
ArrayBag, 1125
ArrayBag, 1125
ArrayBag, 1125
ArrayBag, 1167
ArrayBag, 1125
ArrayBag, 1250
ArrayBag, 1167
ArrayBag, 1208
ArrayBag, 1209
ArrayBag, 1250
ArrayBag, 4792
ArrayBag, 1459
ArrayBag, 1541
ArrayBag, 1542
ArrayBag, 1625
ArrayBag, 1458
ArrayBag, 1292
ArrayBag, 1250
ArrayBag, 1375
ArrayBag, 1792
ArrayBag, 1334
ArrayBag, 1417
ArrayBag, 1625
ArrayBag, 1458
ArrayBag, 1500
ArrayBag, 1500
ArrayBag, 1500
ArrayBag, 1500
ArrayBag, 1458
ArrayBag, 1542
ArrayBag, 2167
ArrayBag, 1584
ArrayBag, 1583
ArrayBag, 1583
ArrayBag, 1625
ArrayBag, 1541
ArrayBag, 1541
ArrayBag, 1708
ArrayBag, 2041
ArrayBag, 1625
ArrayBag, 1584
ArrayBag, 1667
ArrayBag, 1709
ArrayBag, 1708
ArrayBag, 1833
ArrayBag, 1709
ArrayBag, 2292
ArrayBag, 1792
ArrayBag, 1709
ArrayBag, 1750
ArrayBag, 1709
ArrayBag, 1750
ArrayBag, 1833
ArrayBag, 2375
ArrayBag, 1792
ArrayBag, 1833
ArrayBag, 1875
ArrayBag, 1875
ArrayBag, 1875
ArrayBag, 1917
ArrayBag, 708
ArrayBag, 583
ArrayBag, 584
ArrayBag, 584
ArrayBag, 541
ArrayBag, 584
ArrayBag, 583
ArrayBag, 583
ArrayBag, 542
ArrayBag, 583
ArrayBag, 583
ArrayBag, 584
ArrayBag, 583
ArrayBag, 625
ArrayBag, 583
ArrayBag, 625
ArrayBag, 625
ArrayBag, 625
ArrayBag, 625
ArrayBag, 1084
ArrayBag, 625
ArrayBag, 625
ArrayBag, 625
ArrayBag, 625
ArrayBag, 792
ArrayBag, 625
ArrayBag, 625
ArrayBag, 625
ArrayBag, 667
ArrayBag, 583
ArrayBag, 667
ArrayBag, 666
ArrayBag, 666
ArrayBag, 667
ArrayBag, 625
ArrayBag, 667
ArrayBag, 666
ArrayBag, 667
ArrayBag, 667
ArrayBag, 666
ArrayBag, 667
ArrayBag, 667
ArrayBag, 666
ArrayBag, 667
ArrayBag, 708
ArrayBag, 708
ArrayBag, 708
ArrayBag, 708
ArrayBag, 708
ArrayBag, 709
ArrayBag, 708
ArrayBag, 708
ArrayBag, 709
ArrayBag, 708
ArrayBag, 750
ArrayBag, 1250
ArrayBag, 709
ArrayBag, 791
ArrayBag, 709
ArrayBag, 708
ArrayBag, 792
ArrayBag, 792
ArrayBag, 1041
ArrayBag, 833
ArrayBag, 791
ArrayBag, 791
ArrayBag, 791
ArrayBag, 791
ArrayBag, 791
ArrayBag, 750
ArrayBag, 791
ArrayBag, 792
ArrayBag, 750
ArrayBag, 791
ArrayBag, 792
ArrayBag, 792
ArrayBag, 792
ArrayBag, 791
ArrayBag, 833
ArrayBag, 834
ArrayBag, 833
ArrayBag, 792
ArrayBag, 792
ArrayBag, 833
ArrayBag, 959
ArrayBag, 833
ArrayBag, 792
ArrayBag, 791
ArrayBag, 791
ArrayBag, 833
ArrayBag, 833
ArrayBag, 833
ArrayBag, 834
ArrayBag, 833
ArrayBag, 833
ArrayBag, 833
ArrayBag, 833
ArrayBag, 875
ArrayBag, 1125
ArrayBag, 875
ArrayBag, 875
ArrayBag, 959
ArrayBag, 1042
ArrayBag, 1041
ArrayBag, 1083
ArrayBag, 1084
ArrayBag, 1083
ArrayBag, 1083
ArrayBag, 1042
ArrayBag, 916
ArrayBag, 875
ArrayBag, 959
ArrayBag, 916
ArrayBag, 917
ArrayBag, 917
ArrayBag, 916
ArrayBag, 917
ArrayBag, 1042
ArrayBag, 916
ArrayBag, 917
ArrayBag, 916
ArrayBag, 917
ArrayBag, 917
ArrayBag, 916
ArrayBag, 917
ArrayBag, 958
ArrayBag, 958
ArrayBag, 958
ArrayBag, 958
ArrayBag, 1250
ArrayBag, 958
ArrayBag, 959
ArrayBag, 1208
ArrayBag, 1167
ArrayBag, 1167
ArrayBag, 1167
ArrayBag, 1208
ArrayBag, 1208
ArrayBag, 1000
ArrayBag, 1000
ArrayBag, 959
ArrayBag, 959
ArrayBag, 1000
ArrayBag, 1000
ArrayBag, 1125
ArrayBag, 1375
ArrayBag, 1208
ArrayBag, 1250
ArrayBag, 1250
ArrayBag, 1250
ArrayBag, 1208
ArrayBag, 1250
ArrayBag, 1250
ArrayBag, 1209
ArrayBag, 1250
ArrayBag, 1250
ArrayBag, 1375
ArrayBag, 1625
ArrayBag, 1292
ArrayBag, 1041
ArrayBag, 1084
ArrayBag, 1041
ArrayBag, 1084
ArrayBag, 1041
ArrayBag, 1042
ArrayBag, 1041
ArrayBag, 1084
ArrayBag, 1041
ArrayBag, 1083
ArrayBag, 1084
ArrayBag, 1041
ArrayBag, 1084
ArrayBag, 1083
ArrayBag, 1083
ArrayBag, 1084
ArrayBag, 1083
ArrayBag, 1083
ArrayBag, 1125
ArrayBag, 1084
ArrayBag, 1083
ArrayBag, 1125
ArrayBag, 1125
ArrayBag, 1125
ArrayBag, 1334
ArrayBag, 1166
ArrayBag, 1084
ArrayBag, 1125
ArrayBag, 1125
ArrayBag, 1125
ArrayBag, 1125
ArrayBag, 1125
ArrayBag, 1125
ArrayBag, 1125
ArrayBag, 1166
ArrayBag, 1167
ArrayBag, 1125
ArrayBag, 1167
ArrayBag, 1125
ArrayBag, 1166
ArrayBag, 1167
ArrayBag, 1167
ArrayBag, 1166
ArrayBag, 1250
ArrayBag, 1209
ArrayBag, 1166
ArrayBag, 1167
ArrayBag, 1458
ArrayBag, 1167
ArrayBag, 1167
ArrayBag, 1167
ArrayBag, 1208
ArrayBag, 1209
ArrayBag, 1208
ArrayBag, 1208
ArrayBag, 1209
ArrayBag, 1208
ArrayBag, 1208
ArrayBag, 1250
ArrayBag, 1209
ArrayBag, 1208
ArrayBag, 1208
ArrayBag, 1208
ArrayBag, 1250
ArrayBag, 1209
ArrayBag, 1250
ArrayBag, 1250
ArrayBag, 1250
ArrayBag, 1250
ArrayBag, 1292
ArrayBag, 4500
ArrayBag, 1292
ArrayBag, 1334
ArrayBag, 1250
ArrayBag, 1291
ArrayBag, 1250
ArrayBag, 1292
ArrayBag, 1292
ArrayBag, 1292
ArrayBag, 1375
ArrayBag, 1250
ArrayBag, 1291
ArrayBag, 1292
ArrayBag, 1292
ArrayBag, 1291
ArrayBag, 1292
ArrayBag, 1292
ArrayBag, 1292
ArrayBag, 1292
ArrayBag, 1291
ArrayBag, 1334
ArrayBag, 1708
ArrayBag, 1292
ArrayBag, 1333
ArrayBag, 1333
ArrayBag, 1334
ArrayBag, 1333
ArrayBag, 1333
ArrayBag, 1333
ArrayBag, 1334
ArrayBag, 1333
ArrayBag, 1333
ArrayBag, 1334
ArrayBag, 1333
ArrayBag, 1375
ArrayBag, 1333
ArrayBag, 1375
ArrayBag, 1334
ArrayBag, 1375
ArrayBag, 1375
ArrayBag, 1375
ArrayBag, 1666
ArrayBag, 1375
ArrayBag, 1417
ArrayBag, 1375
ArrayBag, 1333
ArrayBag, 1417
ArrayBag, 1375
ArrayBag, 1417
ArrayBag, 1375
ArrayBag, 1416
ArrayBag, 1417
ArrayBag, 1417
ArrayBag, 1375
ArrayBag, 1417
ArrayBag, 1417
ArrayBag, 1416
ArrayBag, 1417
ArrayBag, 1458
ArrayBag, 1417
ArrayBag, 1750
ArrayBag, 1416
ArrayBag, 1416
ArrayBag, 1458
ArrayBag, 1458
ArrayBag, 1458
ArrayBag, 1459
ArrayBag, 1458
ArrayBag, 1417
ArrayBag, 1459
ArrayBag, 1458
ArrayBag, 1500
ArrayBag, 1458
ArrayBag, 1459
ArrayBag, 1459
ArrayBag, 1458
ArrayBag, 1417
ArrayBag, 1458
ArrayBag, 1750
ArrayBag, 1458
ArrayBag, 1500
ArrayBag, 1542
ArrayBag, 1458
ArrayBag, 1500
ArrayBag, 1500
ArrayBag, 1500
ArrayBag, 1500
ArrayBag, 1542
ArrayBag, 1500
ArrayBag, 1500
ArrayBag, 1500
ArrayBag, 1541
ArrayBag, 1542
ArrayBag, 1500
ArrayBag, 1542
ArrayBag, 1541
ArrayBag, 1834
ArrayBag, 1541
ArrayBag, 1542
ArrayBag, 1542
ArrayBag, 1583
ArrayBag, 1542
ArrayBag, 1541
ArrayBag, 1542
ArrayBag, 1541
ArrayBag, 1584
ArrayBag, 1583
ArrayBag, 1583
ArrayBag, 1542
ArrayBag, 1583
ArrayBag, 1584
ArrayBag, 1583
ArrayBag, 1583
ArrayBag, 1875
ArrayBag, 1542
ArrayBag, 1625
ArrayBag, 1583
ArrayBag, 1625
ArrayBag, 1584
ArrayBag, 1625
ArrayBag, 1625
ArrayBag, 1625
ArrayBag, 1583
ArrayBag, 1625
ArrayBag, 1625
ArrayBag, 1625
ArrayBag, 1625
ArrayBag, 1791
ArrayBag, 1625
ArrayBag, 1875
ArrayBag, 1958
ArrayBag, 1667
ArrayBag, 1667
ArrayBag, 1791
ArrayBag, 1667
ArrayBag, 1625
ArrayBag, 1666
ArrayBag, 1625
ArrayBag, 1667
ArrayBag, 1667
ArrayBag, 1666
ArrayBag, 1709
ArrayBag, 1666
ArrayBag, 1709
ArrayBag, 1666
ArrayBag, 2000
ArrayBag, 1667
ArrayBag, 1708
ArrayBag, 1875
ArrayBag, 1667
ArrayBag, 1708
ArrayBag, 1709
ArrayBag, 1708
ArrayBag, 1708
ArrayBag, 1875
ArrayBag, 1750
ArrayBag, 1709
ArrayBag, 1750
ArrayBag, 1708
ArrayBag, 1709
ArrayBag, 2041
ArrayBag, 1709
ArrayBag, 1916
ArrayBag, 1709
ArrayBag, 1750
ArrayBag, 1750
ArrayBag, 1750
ArrayBag, 1708
ArrayBag, 1750
ArrayBag, 1875
ArrayBag, 1750
ArrayBag, 1750
ArrayBag, 1750
ArrayBag, 1750
ArrayBag, 1750
ArrayBag, 2042
ArrayBag, 1792
ArrayBag, 1792
ArrayBag, 1791
ArrayBag, 1792
ArrayBag, 2000
ArrayBag, 1792
ArrayBag, 1791
ArrayBag, 1792
ArrayBag, 1833
ArrayBag, 1792
ArrayBag, 1833
ArrayBag, 1792
ArrayBag, 1833
ArrayBag, 1959
ArrayBag, 2125
ArrayBag, 1833
ArrayBag, 2250
ArrayBag, 2250
ArrayBag, 2250
ArrayBag, 2417
ArrayBag, 2250
ArrayBag, 2250
ArrayBag, 2292
ArrayBag, 2250
ArrayBag, 2250
ArrayBag, 2250
ArrayBag, 2292
ArrayBag, 2292
ArrayBag, 2625
ArrayBag, 2459
ArrayBag, 2333
ArrayBag, 2541
ArrayBag, 2042
ArrayBag, 1458
ArrayBag, 1416
ArrayBag, 1542
ArrayBag, 1583
ArrayBag, 1500
ArrayBag, 1542
ArrayBag, 1500
ArrayBag, 1500
ArrayBag, 1541
ArrayBag, 1750
ArrayBag, 1541
ArrayBag, 1333
ArrayBag, 1250
ArrayBag, 1292
ArrayBag, 1541
ArrayBag, 1583
ArrayBag, 1541
ArrayBag, 1542
ArrayBag, 1542
ArrayBag, 1584
ArrayBag, 1709
ArrayBag, 1750
ArrayBag, 1500
ArrayBag, 1542
ArrayBag, 1333
ArrayBag, 1292
ArrayBag, 1500
ArrayBag, 1333
ArrayBag, 1500
ArrayBag, 1333
ArrayBag, 1292
ArrayBag, 1292
ArrayBag, 1291
ArrayBag, 1292
ArrayBag, 1292
ArrayBag, 1291
ArrayBag, 1500
ArrayBag, 1292
ArrayBag, 1292
ArrayBag, 1333
ArrayBag, 1334
ArrayBag, 1291
ArrayBag, 1334
ArrayBag, 1291
ArrayBag, 1334
ArrayBag, 1333
ArrayBag, 1334
ArrayBag, 1333
ArrayBag, 1292
ArrayBag, 1541
ArrayBag, 1459
ArrayBag, 1417
ArrayBag, 1334
ArrayBag, 1292
ArrayBag, 1291
ArrayBag, 1292
ArrayBag, 1292
ArrayBag, 1291
ArrayBag, 1291
ArrayBag, 1292
ArrayBag, 1292
ArrayBag, 1291
ArrayBag, 1459
ArrayBag, 1291
ArrayBag, 1292
ArrayBag, 1292
ArrayBag, 1291
ArrayBag, 1334
ArrayBag, 1333
ArrayBag, 1333
ArrayBag, 1292
ArrayBag, 1291
ArrayBag, 1334
ArrayBag, 1333
ArrayBag, 1459
ArrayBag, 1333
ArrayBag, 1625
ArrayBag, 1791
ArrayBag, 1833
ArrayBag, 1708
ArrayBag, 1708
ArrayBag, 1708
ArrayBag, 1708
ArrayBag, 1709
ArrayBag, 1709
ArrayBag, 1709
ArrayBag, 1625
ArrayBag, 1375
ArrayBag, 1375
ArrayBag, 1417
ArrayBag, 1375
ArrayBag, 1416
ArrayBag, 1417
ArrayBag, 1417
ArrayBag, 1416
ArrayBag, 1542
ArrayBag, 1583
ArrayBag, 1417
ArrayBag, 1583
ArrayBag, 1375
ArrayBag, 1375
ArrayBag, 1375
ArrayBag, 1375
ArrayBag, 1375
ArrayBag, 1375
ArrayBag, 1375
ArrayBag, 1375
ArrayBag, 1375
ArrayBag, 1375
ArrayBag, 1416
ArrayBag, 1542
ArrayBag, 1375
ArrayBag, 1375
ArrayBag, 1375
ArrayBag, 1375
ArrayBag, 1375
ArrayBag, 1417
ArrayBag, 1417
ArrayBag, 1416
ArrayBag, 1458
ArrayBag, 1375
ArrayBag, 1417
ArrayBag, 1583
ArrayBag, 1417
ArrayBag, 1417
ArrayBag, 1416
ArrayBag, 1375
ArrayBag, 1417
ArrayBag, 1417
ArrayBag, 1416
ArrayBag, 1458
ArrayBag, 1459
ArrayBag, 1458
ArrayBag, 1584
ArrayBag, 1416
ArrayBag, 1459
ArrayBag, 1458
ArrayBag, 1417
ArrayBag, 1458
ArrayBag, 1458
ArrayBag, 1417
ArrayBag, 1416
ArrayBag, 1459
ArrayBag, 1416
ArrayBag, 1459
ArrayBag, 1625
ArrayBag, 1458
ArrayBag, 1459
ArrayBag, 1458
ArrayBag, 1458
ArrayBag, 1500
ArrayBag, 1500
ArrayBag, 1500
ArrayBag, 1500
ArrayBag, 1458
ArrayBag, 1500
ArrayBag, 1625
ArrayBag, 1500
ArrayBag, 1500
ArrayBag, 1458
ArrayBag, 1458
ArrayBag, 1500
ArrayBag, 1500
ArrayBag, 1500
ArrayBag, 1500
ArrayBag, 1500
ArrayBag, 1542
ArrayBag, 1708
ArrayBag, 1500
ArrayBag, 1500
ArrayBag, 1500
ArrayBag, 1500
ArrayBag, 1583
ArrayBag, 1875
ArrayBag, 1916
ArrayBag, 2042
ArrayBag, 1917
ArrayBag, 1959
ArrayBag, 2209
ArrayBag, 1917
ArrayBag, 1917
ArrayBag, 1917
ArrayBag, 1958
ArrayBag, 1958
ArrayBag, 1916
ArrayBag, 1625
ArrayBag, 1625
ArrayBag, 1583
ArrayBag, 1792
ArrayBag, 1625
ArrayBag, 1625
ArrayBag, 1708
ArrayBag, 2000
ArrayBag, 1958
ArrayBag, 1959
ArrayBag, 1958
ArrayBag, 2208
ArrayBag, 1916
ArrayBag, 1875
ArrayBag, 2250
ArrayBag, 2042
ArrayBag, 2000
ArrayBag, 2000
ArrayBag, 2084
ArrayBag, 2042
ArrayBag, 2000
ArrayBag, 1666
ArrayBag, 1625
ArrayBag, 1667
ArrayBag, 1833
ArrayBag, 1667
ArrayBag, 1625
ArrayBag, 1667
ArrayBag, 1666
ArrayBag, 1625
ArrayBag, 2042
ArrayBag, 2041
ArrayBag, 2042
ArrayBag, 2041
ArrayBag, 2292
ArrayBag, 2250
ArrayBag, 2250
ArrayBag, 2083
ArrayBag, 2125
ArrayBag, 2125
ArrayBag, 2292
ArrayBag, 2125
ArrayBag, 2375
ArrayBag, 2000
ArrayBag, 1875
ArrayBag, 1625
ArrayBag, 1625
ArrayBag, 1667
ArrayBag, 1625
ArrayBag, 1625
ArrayBag, 1625
ArrayBag, 1625
ArrayBag, 1667
ArrayBag, 1625
ArrayBag, 1834
ArrayBag, 1667
ArrayBag, 1667
ArrayBag, 1667
ArrayBag, 1667
ArrayBag, 1667
ArrayBag, 1666
ArrayBag, 1666
ArrayBag, 1625
ArrayBag, 1667
ArrayBag, 1834
ArrayBag, 1666
ArrayBag, 1625
ArrayBag, 1667
ArrayBag, 1667
ArrayBag, 1667
ArrayBag, 1666
ArrayBag, 1667
ArrayBag, 1667
ArrayBag, 1667
ArrayBag, 1833
ArrayBag, 1708
ArrayBag, 1792
ArrayBag, 1667
ArrayBag, 1791
ArrayBag, 2084
ArrayBag, 2250
ArrayBag, 2208
ArrayBag, 2125
ArrayBag, 2417
ArrayBag, 2166
ArrayBag, 2166
ArrayBag, 2167
ArrayBag, 2167
ArrayBag, 2166
ArrayBag, 2167
ArrayBag, 2167
ArrayBag, 2209
ArrayBag, 2375
ArrayBag, 2208
ArrayBag, 1708
ArrayBag, 1708
ArrayBag, 1750
ArrayBag, 1708
ArrayBag, 1709
ArrayBag, 1750
ArrayBag, 1750
ArrayBag, 1750
ArrayBag, 1875
ArrayBag, 1750
ArrayBag, 1750
ArrayBag, 1750
ArrayBag, 1750
ArrayBag, 1750
ArrayBag, 1750
ArrayBag, 1750
ArrayBag, 1750
ArrayBag, 1750
ArrayBag, 1917
ArrayBag, 1750
ArrayBag, 1750
ArrayBag, 1750
ArrayBag, 1750
ArrayBag, 1792
ArrayBag, 1750
ArrayBag, 1792
ArrayBag, 1792
ArrayBag, 1959
ArrayBag, 1750
ArrayBag, 1750
ArrayBag, 1750
ArrayBag, 1750
ArrayBag, 1791
ArrayBag, 1750
ArrayBag, 1750
ArrayBag, 1792
ArrayBag, 1959
ArrayBag, 1791
ArrayBag, 1791
ArrayBag, 1792
ArrayBag, 1792
ArrayBag, 1792
ArrayBag, 1791
ArrayBag, 1792
ArrayBag, 1792
ArrayBag, 2125
ArrayBag, 1792
ArrayBag, 1833
ArrayBag, 1792
ArrayBag, 1834
ArrayBag, 1791
ArrayBag, 1792
ArrayBag, 1833
ArrayBag, 1833
ArrayBag, 1958
ArrayBag, 1792
ArrayBag, 1833
ArrayBag, 1834
ArrayBag, 1833
ArrayBag, 1834
ArrayBag, 1833
ArrayBag, 1834
ArrayBag, 1833
ArrayBag, 2000
ArrayBag, 1833
ArrayBag, 1834
ArrayBag, 1833
ArrayBag, 1833
ArrayBag, 1834
ArrayBag, 1875
ArrayBag, 1833
ArrayBag, 2041
ArrayBag, 1834
ArrayBag, 1833
ArrayBag, 1833
ArrayBag, 1959
ArrayBag, 2250
ArrayBag, 2541
ArrayBag, 2375
ArrayBag, 2375
ArrayBag, 2625
ArrayBag, 2375
ArrayBag, 2375
ArrayBag, 2416
ArrayBag, 2417
ArrayBag, 2375
ArrayBag, 2375
ArrayBag, 2583
ArrayBag, 2459
ArrayBag, 2375
ArrayBag, 2208
ArrayBag, 2166
ArrayBag, 1959
ArrayBag, 2000
ArrayBag, 1958
ArrayBag, 2000
ArrayBag, 2000
ArrayBag, 2167
ArrayBag, 2000
ArrayBag, 2000
ArrayBag, 2000
ArrayBag, 2000
ArrayBag, 2041
ArrayBag, 2000
ArrayBag, 2000
ArrayBag, 2000
ArrayBag, 2166
ArrayBag, 2375
ArrayBag, 2458
ArrayBag, 2458
ArrayBag, 2458
ArrayBag, 2458
ArrayBag, 2666
ArrayBag, 2542
ArrayBag, 2375
ArrayBag, 2084
ArrayBag, 2375
ArrayBag, 2416
ArrayBag, 2458
ArrayBag, 2500
ArrayBag, 2458
ArrayBag, 2500
ArrayBag, 2917
ArrayBag, 2500
ArrayBag, 2709
ArrayBag, 2666
ArrayBag, 2125
ArrayBag, 2083
ArrayBag, 2375
ArrayBag, 2791
ArrayBag, 2542
ArrayBag, 2792
