ArrayListBag, 23833
ArrayListBag, 1167
ArrayListBag, 542
ArrayListBag, 375
ArrayListBag, 417
ArrayListBag, 458
ArrayListBag, 500
ArrayListBag, 542
ArrayListBag, 583
ArrayListBag, 542
ArrayListBag, 708
ArrayListBag, 750
ArrayListBag, 3875
ArrayListBag, 833
ArrayListBag, 875
ArrayListBag, 1500
ArrayListBag, 917
ArrayListBag, 1000
ArrayListBag, 1209
ArrayListBag, 1083
ArrayListBag, 1333
ArrayListBag, 1208
ArrayListBag, 3417
ArrayListBag, 1292
ArrayListBag, 1334
ArrayListBag, 1667
ArrayListBag, 1375
ArrayListBag, 1792
ArrayListBag, 1541
ArrayListBag, 1625
ArrayListBag, 1917
ArrayListBag, 4666
ArrayListBag, 2334
ArrayListBag, 2125
ArrayListBag, 2500
ArrayListBag, 2750
ArrayListBag, 2250
ArrayListBag, 2625
ArrayListBag, 2750
ArrayListBag, 2458
ArrayListBag, 2500
ArrayListBag, 2958
ArrayListBag, 2834
ArrayListBag, 2125
ArrayListBag, 2375
ArrayListBag, 2542
ArrayListBag, 2875
ArrayListBag, 2458
ArrayListBag, 2292
ArrayListBag, 2500
ArrayListBag, 2708
ArrayListBag, 2459
ArrayListBag, 2916
ArrayListBag, 2959
ArrayListBag, 2666
ArrayListBag, 3375
ArrayListBag, 2583
ArrayListBag, 3000
ArrayListBag, 2708
ArrayListBag, 3125
ArrayListBag, 2875
ArrayListBag, 2834
ArrayListBag, 2958
ArrayListBag, 3291
ArrayListBag, 4083
ArrayListBag, 4375
ArrayListBag, 4041
ArrayListBag, 4041
ArrayListBag, 3250
ArrayListBag, 3375
ArrayListBag, 4375
ArrayListBag, 4542
ArrayListBag, 4584
ArrayListBag, 5000
ArrayListBag, 4500
ArrayListBag, 4792
ArrayListBag, 4583
ArrayListBag, 3791
ArrayListBag, 4917
ArrayListBag, 5208
ArrayListBag, 5208
ArrayListBag, 4750
ArrayListBag, 4750
ArrayListBag, 4292
ArrayListBag, 4291
ArrayListBag, 4667
ArrayListBag, 7208
ArrayListBag, 5125
ArrayListBag, 4417
ArrayListBag, 4583
ArrayListBag, 4583
ArrayListBag, 4958
ArrayListBag, 4583
ArrayListBag, 4833
ArrayListBag, 5084
ArrayListBag, 4584
ArrayListBag, 4834
ArrayListBag, 5166
ArrayListBag, 5208
ArrayListBag, 5333
ArrayListBag, 5000
ArrayListBag, 8084
ArrayListBag, 6667
ArrayListBag, 5291
ArrayListBag, 5209
ArrayListBag, 5000
ArrayListBag, 5417
ArrayListBag, 5500
ArrayListBag, 5417
ArrayListBag, 5709
ArrayListBag, 5875
ArrayListBag, 6500
ArrayListBag, 2333
ArrayListBag, 2500
ArrayListBag, 2709
ArrayListBag, 2875
ArrayListBag, 2416
ArrayListBag, 2542
ArrayListBag, 2500
ArrayListBag, 2416
ArrayListBag, 3458
ArrayListBag, 2750
ArrayListBag, 2958
ArrayListBag, 2542
ArrayListBag, 2750
ArrayListBag, 2625
ArrayListBag, 2583
ArrayListBag, 3334
ArrayListBag, 2750
ArrayListBag, 3250
ArrayListBag, 2667
ArrayListBag, 2667
ArrayListBag, 14083
ArrayListBag, 2792
ArrayListBag, 2792
ArrayListBag, 2833
ArrayListBag, 3250
ArrayListBag, 2750
ArrayListBag, 2875
ArrayListBag, 3000
ArrayListBag, 2834
ArrayListBag, 2791
ArrayListBag, 2833
ArrayListBag, 2917
ArrayListBag, 3375
ArrayListBag, 3208
ArrayListBag, 3333
ArrayListBag, 3208
ArrayListBag, 3042
ArrayListBag, 2916
ArrayListBag, 2917
ArrayListBag, 3375
ArrayListBag, 2958
ArrayListBag, 3167
ArrayListBag, 3083
ArrayListBag, 3042
ArrayListBag, 3000
ArrayListBag, 3000
ArrayListBag, 3417
ArrayListBag, 3000
ArrayListBag, 3167
ArrayListBag, 3125
ArrayListBag, 3292
ArrayListBag, 3208
ArrayListBag, 3625
ArrayListBag, 3291
ArrayListBag, 3625
ArrayListBag, 3417
ArrayListBag, 3292
ArrayListBag, 3334
ArrayListBag, 3583
ArrayListBag, 3250
ArrayListBag, 3541
ArrayListBag, 3417
ArrayListBag, 3416
ArrayListBag, 3417
ArrayListBag, 3584
ArrayListBag, 3334
ArrayListBag, 3625
ArrayListBag, 3459
ArrayListBag, 3542
ArrayListBag, 3583
ArrayListBag, 5000
ArrayListBag, 6125
ArrayListBag, 1708
ArrayListBag, 1500
ArrayListBag, 1375
ArrayListBag, 1417
ArrayListBag, 1416
ArrayListBag, 1625
ArrayListBag, 1417
ArrayListBag, 1500
ArrayListBag, 1417
ArrayListBag, 1458
ArrayListBag, 1625
ArrayListBag, 1583
ArrayListBag, 1459
ArrayListBag, 1500
ArrayListBag, 1500
ArrayListBag, 1458
ArrayListBag, 1667
ArrayListBag, 1500
ArrayListBag, 1500
ArrayListBag, 1583
ArrayListBag, 3333
ArrayListBag, 1750
ArrayListBag, 1542
ArrayListBag, 1500
ArrayListBag, 1542
ArrayListBag, 1541
ArrayListBag, 1709
ArrayListBag, 1625
ArrayListBag, 1583
ArrayListBag, 1583
ArrayListBag, 1709
ArrayListBag, 2250
ArrayListBag, 1958
ArrayListBag, 1958
ArrayListBag, 2250
ArrayListBag, 1917
ArrayListBag, 2375
ArrayListBag, 2542
ArrayListBag, 2167
ArrayListBag, 2083
ArrayListBag, 2166
ArrayListBag, 2042
ArrayListBag, 2042
ArrayListBag, 2166
ArrayListBag, 1958
ArrayListBag, 1834
ArrayListBag, 1708
ArrayListBag, 1667
ArrayListBag, 1708
ArrayListBag, 1833
ArrayListBag, 1750
ArrayListBag, 1750
ArrayListBag, 1792
ArrayListBag, 1708
ArrayListBag, 1875
ArrayListBag, 1792
ArrayListBag, 1750
ArrayListBag, 1750
ArrayListBag, 1917
ArrayListBag, 1792
ArrayListBag, 1792
ArrayListBag, 1792
ArrayListBag, 2041
ArrayListBag, 1875
ArrayListBag, 1917
ArrayListBag, 1833
ArrayListBag, 2042
ArrayListBag, 1875
ArrayListBag, 1875
ArrayListBag, 2042
ArrayListBag, 2000
ArrayListBag, 10333
ArrayListBag, 2250
ArrayListBag, 2291
ArrayListBag, 2458
ArrayListBag, 2375
ArrayListBag, 2583
ArrayListBag, 2042
ArrayListBag, 2083
ArrayListBag, 2083
ArrayListBag, 2167
ArrayListBag, 2041
ArrayListBag, 2292
ArrayListBag, 2125
ArrayListBag, 2125
ArrayListBag, 2083
ArrayListBag, 2291
ArrayListBag, 2042
ArrayListBag, 2041
ArrayListBag, 2042
ArrayListBag, 2333
ArrayListBag, 2084
ArrayListBag, 2000
ArrayListBag, 2333
ArrayListBag, 2167
ArrayListBag, 2292
ArrayListBag, 2083
ArrayListBag, 2292
ArrayListBag, 2333
ArrayListBag, 2083
ArrayListBag, 2333
ArrayListBag, 2208
ArrayListBag, 2250
ArrayListBag, 2125
ArrayListBag, 2417
ArrayListBag, 2250
ArrayListBag, 2208
ArrayListBag, 2125
ArrayListBag, 2417
ArrayListBag, 2291
ArrayListBag, 2167
ArrayListBag, 2333
ArrayListBag, 2167
ArrayListBag, 2291
ArrayListBag, 2167
ArrayListBag, 2417
ArrayListBag, 2333
ArrayListBag, 13875
ArrayListBag, 4208
ArrayListBag, 2500
ArrayListBag, 2375
ArrayListBag, 2417
ArrayListBag, 2500
ArrayListBag, 2375
ArrayListBag, 2208
ArrayListBag, 4791
ArrayListBag, 2125
ArrayListBag, 2167
ArrayListBag, 2625
ArrayListBag, 2208
ArrayListBag, 2167
ArrayListBag, 2167
ArrayListBag, 2375
ArrayListBag, 2166
ArrayListBag, 2209
ArrayListBag, 2416
ArrayListBag, 2500
ArrayListBag, 3166
ArrayListBag, 3584
ArrayListBag, 3458
ArrayListBag, 3500
ArrayListBag, 3833
ArrayListBag, 3458
ArrayListBag, 3542
ArrayListBag, 3708
ArrayListBag, 3459
ArrayListBag, 3500
ArrayListBag, 3583
ArrayListBag, 3750
ArrayListBag, 3542
ArrayListBag, 3500
ArrayListBag, 3791
ArrayListBag, 3542
ArrayListBag, 3958
ArrayListBag, 3792
ArrayListBag, 3583
ArrayListBag, 3584
ArrayListBag, 3875
ArrayListBag, 3583
ArrayListBag, 3625
ArrayListBag, 3875
ArrayListBag, 3625
ArrayListBag, 3583
ArrayListBag, 3834
ArrayListBag, 3666
ArrayListBag, 3625
ArrayListBag, 4042
ArrayListBag, 3708
ArrayListBag, 3709
ArrayListBag, 3916
ArrayListBag, 3750
ArrayListBag, 4000
ArrayListBag, 3709
ArrayListBag, 3750
ArrayListBag, 3875
ArrayListBag, 3708
ArrayListBag, 3750
ArrayListBag, 4292
ArrayListBag, 3791
ArrayListBag, 3792
ArrayListBag, 4000
ArrayListBag, 3875
ArrayListBag, 3791
ArrayListBag, 4042
ArrayListBag, 3833
ArrayListBag, 4291
ArrayListBag, 4125
ArrayListBag, 3833
ArrayListBag, 4083
ArrayListBag, 3875
ArrayListBag, 3875
ArrayListBag, 4167
ArrayListBag, 3958
ArrayListBag, 3959
ArrayListBag, 4208
ArrayListBag, 3958
ArrayListBag, 3959
ArrayListBag, 4208
ArrayListBag, 4042
ArrayListBag, 15416
ArrayListBag, 4083
ArrayListBag, 4000
ArrayListBag, 4292
ArrayListBag, 4000
ArrayListBag, 4041
ArrayListBag, 4292
ArrayListBag, 4041
ArrayListBag, 4292
ArrayListBag, 4125
ArrayListBag, 4083
ArrayListBag, 4333
ArrayListBag, 4125
ArrayListBag, 4375
ArrayListBag, 4125
ArrayListBag, 4084
ArrayListBag, 4333
ArrayListBag, 4167
ArrayListBag, 4167
ArrayListBag, 4417
ArrayListBag, 4166
ArrayListBag, 4709
ArrayListBag, 4209
ArrayListBag, 4250
ArrayListBag, 4459
ArrayListBag, 4208
ArrayListBag, 4542
ArrayListBag, 4250
ArrayListBag, 4250
ArrayListBag, 4500
ArrayListBag, 4333
ArrayListBag, 4584
ArrayListBag, 4333
ArrayListBag, 4333
ArrayListBag, 4542
ArrayListBag, 4375
ArrayListBag, 4583
ArrayListBag, 4375
ArrayListBag, 4334
ArrayListBag, 4583
ArrayListBag, 4458
ArrayListBag, 4917
ArrayListBag, 4375
ArrayListBag, 4709
ArrayListBag, 4458
ArrayListBag, 4500
ArrayListBag, 4667
ArrayListBag, 4500
ArrayListBag, 4750
ArrayListBag, 4792
ArrayListBag, 4500
ArrayListBag, 4834
ArrayListBag, 4458
ArrayListBag, 5000
ArrayListBag, 4542
ArrayListBag, 4750
ArrayListBag, 4709
ArrayListBag, 5333
ArrayListBag, 5917
ArrayListBag, 4834
ArrayListBag, 5291
ArrayListBag, 4625
ArrayListBag, 4834
ArrayListBag, 4583
ArrayListBag, 5125
ArrayListBag, 4625
ArrayListBag, 4583
ArrayListBag, 4959
ArrayListBag, 4666
ArrayListBag, 4959
ArrayListBag, 4708
ArrayListBag, 4875
ArrayListBag, 4708
ArrayListBag, 5709
ArrayListBag, 5917
ArrayListBag, 4708
ArrayListBag, 4917
ArrayListBag, 4791
ArrayListBag, 5292
ArrayListBag, 4791
ArrayListBag, 4959
ArrayListBag, 4916
ArrayListBag, 4875
ArrayListBag, 5042
ArrayListBag, 4834
ArrayListBag, 6041
ArrayListBag, 5916
ArrayListBag, 5084
ArrayListBag, 4916
ArrayListBag, 5125
ArrayListBag, 4959
ArrayListBag, 5125
ArrayListBag, 4958
ArrayListBag, 5167
ArrayListBag, 4958
ArrayListBag, 5000
ArrayListBag, 5417
ArrayListBag, 5000
ArrayListBag, 5167
ArrayListBag, 4958
ArrayListBag, 5208
ArrayListBag, 5000
ArrayListBag, 5250
ArrayListBag, 5042
ArrayListBag, 5291
ArrayListBag, 5042
ArrayListBag, 5250
ArrayListBag, 5041
ArrayListBag, 5334
ArrayListBag, 5042
ArrayListBag, 5250
ArrayListBag, 5041
ArrayListBag, 5625
ArrayListBag, 5125
ArrayListBag, 5125
ArrayListBag, 5375
ArrayListBag, 5209
ArrayListBag, 5416
ArrayListBag, 5209
ArrayListBag, 5458
ArrayListBag, 5167
ArrayListBag, 5459
ArrayListBag, 5250
ArrayListBag, 5458
ArrayListBag, 5250
ArrayListBag, 5458
ArrayListBag, 5209
ArrayListBag, 5500
ArrayListBag, 5292
ArrayListBag, 5791
ArrayListBag, 5292
ArrayListBag, 5541
ArrayListBag, 5292
ArrayListBag, 5542
ArrayListBag, 5375
ArrayListBag, 5584
ArrayListBag, 5375
ArrayListBag, 5584
ArrayListBag, 5375
ArrayListBag, 5625
ArrayListBag, 5417
ArrayListBag, 5667
ArrayListBag, 5416
ArrayListBag, 5709
ArrayListBag, 5500
ArrayListBag, 6000
ArrayListBag, 5666
ArrayListBag, 5416
ArrayListBag, 5750
ArrayListBag, 5500
ArrayListBag, 5750
ArrayListBag, 5500
ArrayListBag, 5792
ArrayListBag, 5583
ArrayListBag, 5750
ArrayListBag, 5584
ArrayListBag, 5833
ArrayListBag, 5583
ArrayListBag, 5834
ArrayListBag, 5666
ArrayListBag, 6084
ArrayListBag, 5541
ArrayListBag, 6000
ArrayListBag, 5625
ArrayListBag, 6250
ArrayListBag, 5875
ArrayListBag, 5666
ArrayListBag, 5875
ArrayListBag, 5667
ArrayListBag, 5917
ArrayListBag, 5625
ArrayListBag, 5958
ArrayListBag, 5792
ArrayListBag, 5958
ArrayListBag, 5708
ArrayListBag, 6292
ArrayListBag, 5750
ArrayListBag, 6083
ArrayListBag, 6042
ArrayListBag, 5792
ArrayListBag, 6041
ArrayListBag, 5833
ArrayListBag, 6125
ArrayListBag, 5917
ArrayListBag, 6083
ArrayListBag, 5834
ArrayListBag, 6084
ArrayListBag, 5916
ArrayListBag, 6125
ArrayListBag, 6375
ArrayListBag, 5917
ArrayListBag, 6125
ArrayListBag, 5916
ArrayListBag, 6208
ArrayListBag, 6000
ArrayListBag, 6209
ArrayListBag, 6208
ArrayListBag, 5958
ArrayListBag, 6250
ArrayListBag, 6083
ArrayListBag, 6209
ArrayListBag, 6125
ArrayListBag, 6208
ArrayListBag, 6208
ArrayListBag, 6250
ArrayListBag, 6333
ArrayListBag, 6125
ArrayListBag, 6333
ArrayListBag, 6084
ArrayListBag, 6500
ArrayListBag, 6333
ArrayListBag, 6083
ArrayListBag, 6375
ArrayListBag, 6125
ArrayListBag, 6333
ArrayListBag, 6125
ArrayListBag, 6375
ArrayListBag, 6583
ArrayListBag, 6209
ArrayListBag, 6458
ArrayListBag, 6208
ArrayListBag, 6459
ArrayListBag, 6458
ArrayListBag, 6208
ArrayListBag, 6625
ArrayListBag, 6334
ArrayListBag, 6500
ArrayListBag, 6291
ArrayListBag, 6500
ArrayListBag, 6541
ArrayListBag, 6292
ArrayListBag, 6792
ArrayListBag, 6333
ArrayListBag, 6625
ArrayListBag, 7083
ArrayListBag, 6500
ArrayListBag, 6875
ArrayListBag, 6542
ArrayListBag, 6750
ArrayListBag, 6667
ArrayListBag, 6500
ArrayListBag, 6750
ArrayListBag, 6667
ArrayListBag, 6541
ArrayListBag, 7125
ArrayListBag, 6458
ArrayListBag, 6750
ArrayListBag, 6708
ArrayListBag, 6500
ArrayListBag, 6709
ArrayListBag, 6500
ArrayListBag, 6833
ArrayListBag, 7042
ArrayListBag, 6625
ArrayListBag, 6875
ArrayListBag, 6792
ArrayListBag, 6625
ArrayListBag, 7125
ArrayListBag, 6708
ArrayListBag, 7042
ArrayListBag, 6875
ArrayListBag, 6791
ArrayListBag, 7167
ArrayListBag, 7000
ArrayListBag, 6791
ArrayListBag, 6959
ArrayListBag, 8833
ArrayListBag, 9209
ArrayListBag, 9041
ArrayListBag, 8750
ArrayListBag, 9334
ArrayListBag, 9041
ArrayListBag, 8792
ArrayListBag, 9208
ArrayListBag, 9042
ArrayListBag, 9042
ArrayListBag, 9083
ArrayListBag, 8792
ArrayListBag, 9125
ArrayListBag, 9125
ArrayListBag, 8833
ArrayListBag, 9125
ArrayListBag, 9417
ArrayListBag, 9042
ArrayListBag, 9250
ArrayListBag, 9209
ArrayListBag, 8916
ArrayListBag, 9291
ArrayListBag, 9209
ArrayListBag, 8958
ArrayListBag, 9250
ArrayListBag, 9375
ArrayListBag, 9042
ArrayListBag, 9250
ArrayListBag, 9291
ArrayListBag, 9292
ArrayListBag, 9292
ArrayListBag, 9250
ArrayListBag, 9083
ArrayListBag, 9375
ArrayListBag, 9417
ArrayListBag, 9166
ArrayListBag, 9417
ArrayListBag, 9458
ArrayListBag, 9208
ArrayListBag, 9458
ArrayListBag, 9459
ArrayListBag, 9583
ArrayListBag, 9459
ArrayListBag, 9500
ArrayListBag, 9416
ArrayListBag, 9625
ArrayListBag, 9625
ArrayListBag, 9291
ArrayListBag, 9584
ArrayListBag, 9625
ArrayListBag, 9291
ArrayListBag, 9709
ArrayListBag, 9583
ArrayListBag, 9750
ArrayListBag, 9583
ArrayListBag, 9625
ArrayListBag, 9417
ArrayListBag, 9750
ArrayListBag, 9750
ArrayListBag, 9458
ArrayListBag, 9750
ArrayListBag, 9834
ArrayListBag, 9750
ArrayListBag, 9541
ArrayListBag, 10125
ArrayListBag, 9792
ArrayListBag, 9500
ArrayListBag, 9792
ArrayListBag, 9833
ArrayListBag, 9500
ArrayListBag, 9958
ArrayListBag, 9959
ArrayListBag, 9916
ArrayListBag, 9625
ArrayListBag, 9875
ArrayListBag, 9958
ArrayListBag, 10042
ArrayListBag, 10000
ArrayListBag, 10458
ArrayListBag, 9708
ArrayListBag, 10042
ArrayListBag, 9750
ArrayListBag, 10084
ArrayListBag, 9667
ArrayListBag, 10084
ArrayListBag, 10125
ArrayListBag, 9833
ArrayListBag, 10708
ArrayListBag, 10167
ArrayListBag, 10125
ArrayListBag, 9834
ArrayListBag, 10291
ArrayListBag, 10167
ArrayListBag, 10208
ArrayListBag, 9834
ArrayListBag, 10125
ArrayListBag, 10208
ArrayListBag, 9958
ArrayListBag, 10750
ArrayListBag, 10250
ArrayListBag, 10375
ArrayListBag, 10083
ArrayListBag, 10292
ArrayListBag, 10958
ArrayListBag, 11584
ArrayListBag, 11625
ArrayListBag, 10625
ArrayListBag, 10583
ArrayListBag, 10375
ArrayListBag, 10958
ArrayListBag, 10500
ArrayListBag, 10458
ArrayListBag, 10208
ArrayListBag, 10625
ArrayListBag, 10500
ArrayListBag, 10583
ArrayListBag, 10291
ArrayListBag, 10667
ArrayListBag, 10500
ArrayListBag, 10542
ArrayListBag, 10542
ArrayListBag, 10542
ArrayListBag, 10583
ArrayListBag, 10500
ArrayListBag, 10666
ArrayListBag, 11166
ArrayListBag, 10625
ArrayListBag, 10792
ArrayListBag, 10458
ArrayListBag, 10708
ArrayListBag, 11084
ArrayListBag, 10917
ArrayListBag, 10958
ArrayListBag, 10583
ArrayListBag, 16667
ArrayListBag, 6292
ArrayListBag, 6292
ArrayListBag, 6250
ArrayListBag, 6292
ArrayListBag, 6250
ArrayListBag, 6209
ArrayListBag, 6958
ArrayListBag, 6291
ArrayListBag, 6250
ArrayListBag, 6292
ArrayListBag, 6292
ArrayListBag, 6334
ArrayListBag, 6333
ArrayListBag, 6291
ArrayListBag, 6333
ArrayListBag, 6375
ArrayListBag, 6708
ArrayListBag, 6333
ArrayListBag, 6417
ArrayListBag, 6334
ArrayListBag, 6417
ArrayListBag, 6417
ArrayListBag, 6417
ArrayListBag, 6417
ArrayListBag, 6458
ArrayListBag, 6417
ArrayListBag, 6833
ArrayListBag, 6416
ArrayListBag, 6459
ArrayListBag, 6458
ArrayListBag, 6416
ArrayListBag, 6458
ArrayListBag, 6458
ArrayListBag, 6459
ArrayListBag, 6542
ArrayListBag, 6500
ArrayListBag, 6875
ArrayListBag, 6584
ArrayListBag, 6500
ArrayListBag, 6459
ArrayListBag, 6542
ArrayListBag, 6542
ArrayListBag, 6667
ArrayListBag, 6584
ArrayListBag, 6583
ArrayListBag, 6583
ArrayListBag, 6958
ArrayListBag, 6584
ArrayListBag, 6625
ArrayListBag, 6583
ArrayListBag, 6625
ArrayListBag, 6625
ArrayListBag, 6542
ArrayListBag, 6666
ArrayListBag, 6625
ArrayListBag, 6667
ArrayListBag, 7083
ArrayListBag, 6625
ArrayListBag, 6667
ArrayListBag, 6708
ArrayListBag, 6667
ArrayListBag, 6708
ArrayListBag, 6708
ArrayListBag, 6709
ArrayListBag, 6750
ArrayListBag, 6875
ArrayListBag, 7333
ArrayListBag, 6750
ArrayListBag, 6709
ArrayListBag, 6708
ArrayListBag, 6791
ArrayListBag, 6750
ArrayListBag, 6958
ArrayListBag, 6958
ArrayListBag, 6958
ArrayListBag, 7125
ArrayListBag, 7375
ArrayListBag, 7083
ArrayListBag, 6959
ArrayListBag, 6791
ArrayListBag, 7000
ArrayListBag, 7042
ArrayListBag, 7000
ArrayListBag, 7250
ArrayListBag, 6875
ArrayListBag, 7416
ArrayListBag, 6917
ArrayListBag, 7000
ArrayListBag, 6875
ArrayListBag, 6917
ArrayListBag, 6917
ArrayListBag, 6917
ArrayListBag, 7083
ArrayListBag, 7166
ArrayListBag, 7458
ArrayListBag, 7125
ArrayListBag, 6958
ArrayListBag, 8500
ArrayListBag, 7458
ArrayListBag, 6958
ArrayListBag, 7000
ArrayListBag, 7208
ArrayListBag, 7041
ArrayListBag, 7041
ArrayListBag, 7458
ArrayListBag, 7042
ArrayListBag, 7084
ArrayListBag, 7125
ArrayListBag, 7083
ArrayListBag, 7083
ArrayListBag, 7125
ArrayListBag, 7083
ArrayListBag, 7125
ArrayListBag, 7583
ArrayListBag, 7166
ArrayListBag, 7291
ArrayListBag, 7292
ArrayListBag, 7250
ArrayListBag, 7125
ArrayListBag, 7083
ArrayListBag, 7125
ArrayListBag, 7208
ArrayListBag, 7666
ArrayListBag, 7208
ArrayListBag, 7209
ArrayListBag, 7250
ArrayListBag, 7250
ArrayListBag, 7209
ArrayListBag, 7209
ArrayListBag, 7208
ArrayListBag, 7250
ArrayListBag, 8125
ArrayListBag, 7292
ArrayListBag, 7250
ArrayListBag, 7625
ArrayListBag, 7375
ArrayListBag, 7292
ArrayListBag, 7459
ArrayListBag, 7292
ArrayListBag, 7625
ArrayListBag, 7709
ArrayListBag, 7375
ArrayListBag, 7292
ArrayListBag, 7334
ArrayListBag, 7375
ArrayListBag, 7375
ArrayListBag, 7334
ArrayListBag, 7375
ArrayListBag, 7375
ArrayListBag, 7959
ArrayListBag, 7417
ArrayListBag, 7417
ArrayListBag, 7750
ArrayListBag, 7416
ArrayListBag, 7917
ArrayListBag, 9125
ArrayListBag, 9125
ArrayListBag, 9708
ArrayListBag, 9166
ArrayListBag, 9125
ArrayListBag, 8084
ArrayListBag, 7625
ArrayListBag, 7625
ArrayListBag, 7917
ArrayListBag, 7583
ArrayListBag, 7666
ArrayListBag, 8250
ArrayListBag, 7542
ArrayListBag, 7542
ArrayListBag, 7542
ArrayListBag, 7542
ArrayListBag, 7542
ArrayListBag, 7542
ArrayListBag, 7542
ArrayListBag, 7625
ArrayListBag, 8042
ArrayListBag, 7792
ArrayListBag, 7625
ArrayListBag, 7583
ArrayListBag, 7625
ArrayListBag, 7625
ArrayListBag, 7625
ArrayListBag, 7666
ArrayListBag, 42917
ArrayListBag, 7916
ArrayListBag, 7833
ArrayListBag, 7750
ArrayListBag, 7750
ArrayListBag, 7792
ArrayListBag, 7750
ArrayListBag, 7875
ArrayListBag, 7959
ArrayListBag, 36250
ArrayListBag, 8083
ArrayListBag, 7750
ArrayListBag, 7750
ArrayListBag, 7750
ArrayListBag, 7833
ArrayListBag, 7833
ArrayListBag, 7875
ArrayListBag, 27000
ArrayListBag, 7833
ArrayListBag, 7834
ArrayListBag, 7875
ArrayListBag, 7833
ArrayListBag, 7959
ArrayListBag, 7834
ArrayListBag, 7917
ArrayListBag, 19917
ArrayListBag, 8000
ArrayListBag, 8167
ArrayListBag, 7875
ArrayListBag, 7958
ArrayListBag, 7916
ArrayListBag, 8000
ArrayListBag, 8083
