ArrayListBag, 10250
ArrayListBag, 2000
ArrayListBag, 1375
ArrayListBag, 1167
ArrayListBag, 1125
ArrayListBag, 1125
ArrayListBag, 1125
ArrayListBag, 1083
ArrayListBag, 1125
ArrayListBag, 1250
ArrayListBag, 1084
ArrayListBag, 1125
ArrayListBag, 1083
ArrayListBag, 1125
ArrayListBag, 1083
ArrayListBag, 1125
ArrayListBag, 1292
ArrayListBag, 1083
ArrayListBag, 1125
ArrayListBag, 1125
ArrayListBag, 1083
ArrayListBag, 1083
ArrayListBag, 1125
ArrayListBag, 1125
ArrayListBag, 1125
ArrayListBag, 1083
ArrayListBag, 1083
ArrayListBag, 1084
ArrayListBag, 1125
ArrayListBag, 1208
ArrayListBag, 1125
ArrayListBag, 1084
ArrayListBag, 1083
ArrayListBag, 1083
ArrayListBag, 1084
ArrayListBag, 1083
ArrayListBag, 1083
ArrayListBag, 1125
ArrayListBag, 1125
ArrayListBag, 1083
ArrayListBag, 1083
ArrayListBag, 1084
ArrayListBag, 1208
ArrayListBag, 1083
ArrayListBag, 1084
ArrayListBag, 1083
ArrayListBag, 1083
ArrayListBag, 1084
ArrayListBag, 1083
ArrayListBag, 1083
ArrayListBag, 1125
ArrayListBag, 1083
ArrayListBag, 1084
ArrayListBag, 1083
ArrayListBag, 1125
ArrayListBag, 1083
ArrayListBag, 1083
ArrayListBag, 1083
ArrayListBag, 1084
ArrayListBag, 1083
ArrayListBag, 1083
ArrayListBag, 1083
ArrayListBag, 1083
ArrayListBag, 1084
ArrayListBag, 1125
ArrayListBag, 1083
ArrayListBag, 1083
ArrayListBag, 1083
ArrayListBag, 1167
ArrayListBag, 1083
ArrayListBag, 1083
ArrayListBag, 1083
ArrayListBag, 1083
ArrayListBag, 1042
ArrayListBag, 1083
ArrayListBag, 1125
ArrayListBag, 1084
ArrayListBag, 1083
ArrayListBag, 1042
ArrayListBag, 1083
ArrayListBag, 1084
ArrayListBag, 1083
ArrayListBag, 1042
ArrayListBag, 1042
ArrayListBag, 1041
ArrayListBag, 1125
ArrayListBag, 1042
ArrayListBag, 1042
ArrayListBag, 1041
ArrayListBag, 1042
ArrayListBag, 1042
ArrayListBag, 1041
ArrayListBag, 1042
ArrayListBag, 1042
ArrayListBag, 1083
ArrayListBag, 1042
ArrayListBag, 1083
ArrayListBag, 1041
ArrayListBag, 1042
ArrayListBag, 1042
ArrayListBag, 1041
ArrayListBag, 1042
ArrayListBag, 1042
ArrayListBag, 1042
ArrayListBag, 1041
ArrayListBag, 1042
ArrayListBag, 1042
ArrayListBag, 1166
ArrayListBag, 1041
ArrayListBag, 1042
ArrayListBag, 1042
ArrayListBag, 1041
ArrayListBag, 1000
ArrayListBag, 1042
ArrayListBag, 1042
ArrayListBag, 1042
ArrayListBag, 1125
ArrayListBag, 1041
ArrayListBag, 1083
ArrayListBag, 1041
ArrayListBag, 1125
ArrayListBag, 1084
ArrayListBag, 1166
ArrayListBag, 1041
ArrayListBag, 1291
ArrayListBag, 917
ArrayListBag, 917
ArrayListBag, 2291
ArrayListBag, 1041
ArrayListBag, 916
ArrayListBag, 1000
ArrayListBag, 917
ArrayListBag, 917
ArrayListBag, 916
ArrayListBag, 917
ArrayListBag, 1000
ArrayListBag, 875
ArrayListBag, 875
ArrayListBag, 834
ArrayListBag, 917
ArrayListBag, 875
ArrayListBag, 875
ArrayListBag, 875
ArrayListBag, 917
ArrayListBag, 917
ArrayListBag, 916
ArrayListBag, 875
ArrayListBag, 875
ArrayListBag, 917
ArrayListBag, 875
ArrayListBag, 875
ArrayListBag, 875
ArrayListBag, 916
ArrayListBag, 917
ArrayListBag, 875
ArrayListBag, 916
ArrayListBag, 875
ArrayListBag, 1000
ArrayListBag, 875
ArrayListBag, 875
ArrayListBag, 875
ArrayListBag, 875
ArrayListBag, 917
ArrayListBag, 875
ArrayListBag, 875
ArrayListBag, 917
ArrayListBag, 875
ArrayListBag, 875
ArrayListBag, 875
ArrayListBag, 875
ArrayListBag, 875
ArrayListBag, 875
ArrayListBag, 833
ArrayListBag, 875
ArrayListBag, 917
ArrayListBag, 875
ArrayListBag, 875
ArrayListBag, 875
ArrayListBag, 875
ArrayListBag, 834
ArrayListBag, 875
ArrayListBag, 1000
ArrayListBag, 875
ArrayListBag, 875
ArrayListBag, 875
ArrayListBag, 875
ArrayListBag, 875
ArrayListBag, 875
ArrayListBag, 875
ArrayListBag, 1042
ArrayListBag, 833
ArrayListBag, 875
ArrayListBag, 834
ArrayListBag, 875
ArrayListBag, 875
ArrayListBag, 875
ArrayListBag, 875
ArrayListBag, 875
ArrayListBag, 875
ArrayListBag, 875
ArrayListBag, 1000
ArrayListBag, 875
ArrayListBag, 875
ArrayListBag, 875
ArrayListBag, 833
ArrayListBag, 833
ArrayListBag, 875
ArrayListBag, 875
ArrayListBag, 958
ArrayListBag, 916
ArrayListBag, 833
ArrayListBag, 834
ArrayListBag, 875
ArrayListBag, 875
ArrayListBag, 875
ArrayListBag, 875
ArrayListBag, 875
ArrayListBag, 958
ArrayListBag, 833
ArrayListBag, 875
ArrayListBag, 834
ArrayListBag, 833
ArrayListBag, 834
ArrayListBag, 875
ArrayListBag, 833
ArrayListBag, 833
ArrayListBag, 875
ArrayListBag, 833
ArrayListBag, 833
ArrayListBag, 833
ArrayListBag, 875
ArrayListBag, 2792
ArrayListBag, 959
ArrayListBag, 834
ArrayListBag, 833
ArrayListBag, 875
ArrayListBag, 833
ArrayListBag, 834
ArrayListBag, 792
ArrayListBag, 875
ArrayListBag, 834
ArrayListBag, 834
ArrayListBag, 833
ArrayListBag, 833
ArrayListBag, 833
ArrayListBag, 833
ArrayListBag, 833
ArrayListBag, 834
ArrayListBag, 834
ArrayListBag, 875
ArrayListBag, 833
ArrayListBag, 833
ArrayListBag, 791
ArrayListBag, 833
ArrayListBag, 834
ArrayListBag, 5500
ArrayListBag, 834
ArrayListBag, 833
ArrayListBag, 833
ArrayListBag, 833
ArrayListBag, 958
ArrayListBag, 833
ArrayListBag, 833
ArrayListBag, 916
ArrayListBag, 833
ArrayListBag, 1125
ArrayListBag, 1000
ArrayListBag, 833
ArrayListBag, 875
ArrayListBag, 833
ArrayListBag, 834
ArrayListBag, 834
ArrayListBag, 1166
ArrayListBag, 833
ArrayListBag, 875
ArrayListBag, 1333
ArrayListBag, 833
ArrayListBag, 792
ArrayListBag, 875
ArrayListBag, 1125
ArrayListBag, 1000
ArrayListBag, 875
ArrayListBag, 792
ArrayListBag, 959
ArrayListBag, 792
ArrayListBag, 875
ArrayListBag, 791
ArrayListBag, 833
ArrayListBag, 833
ArrayListBag, 791
ArrayListBag, 791
ArrayListBag, 791
ArrayListBag, 833
ArrayListBag, 834
ArrayListBag, 875
ArrayListBag, 875
ArrayListBag, 792
ArrayListBag, 792
ArrayListBag, 834
ArrayListBag, 875
ArrayListBag, 875
ArrayListBag, 833
ArrayListBag, 791
ArrayListBag, 792
ArrayListBag, 833
ArrayListBag, 792
ArrayListBag, 792
ArrayListBag, 792
ArrayListBag, 792
ArrayListBag, 833
ArrayListBag, 875
ArrayListBag, 959
ArrayListBag, 792
ArrayListBag, 792
ArrayListBag, 875
ArrayListBag, 792
ArrayListBag, 875
ArrayListBag, 792
ArrayListBag, 792
ArrayListBag, 792
ArrayListBag, 875
ArrayListBag, 875
ArrayListBag, 1084
ArrayListBag, 1375
ArrayListBag, 875
ArrayListBag, 834
ArrayListBag, 834
ArrayListBag, 917
ArrayListBag, 791
ArrayListBag, 792
ArrayListBag, 792
ArrayListBag, 792
ArrayListBag, 791
ArrayListBag, 791
ArrayListBag, 917
ArrayListBag, 792
ArrayListBag, 791
ArrayListBag, 791
ArrayListBag, 917
ArrayListBag, 792
ArrayListBag, 791
ArrayListBag, 917
ArrayListBag, 792
ArrayListBag, 750
ArrayListBag, 750
ArrayListBag, 792
ArrayListBag, 792
ArrayListBag, 791
ArrayListBag, 791
ArrayListBag, 792
ArrayListBag, 792
ArrayListBag, 791
ArrayListBag, 750
ArrayListBag, 792
ArrayListBag, 792
ArrayListBag, 791
ArrayListBag, 792
ArrayListBag, 792
ArrayListBag, 791
ArrayListBag, 792
ArrayListBag, 792
ArrayListBag, 750
ArrayListBag, 750
ArrayListBag, 792
ArrayListBag, 750
ArrayListBag, 750
ArrayListBag, 750
ArrayListBag, 791
ArrayListBag, 750
ArrayListBag, 792
ArrayListBag, 792
ArrayListBag, 750
ArrayListBag, 750
ArrayListBag, 792
ArrayListBag, 792
ArrayListBag, 750
ArrayListBag, 750
ArrayListBag, 750
ArrayListBag, 791
ArrayListBag, 750
ArrayListBag, 750
ArrayListBag, 792
ArrayListBag, 792
ArrayListBag, 2583
ArrayListBag, 791
ArrayListBag, 792
ArrayListBag, 750
ArrayListBag, 958
ArrayListBag, 750
ArrayListBag, 708
ArrayListBag, 750
ArrayListBag, 750
ArrayListBag, 750
ArrayListBag, 875
ArrayListBag, 875
ArrayListBag, 750
ArrayListBag, 750
ArrayListBag, 750
ArrayListBag, 750
ArrayListBag, 750
ArrayListBag, 750
ArrayListBag, 750
ArrayListBag, 750
ArrayListBag, 833
ArrayListBag, 6916
ArrayListBag, 917
ArrayListBag, 1250
ArrayListBag, 750
ArrayListBag, 667
ArrayListBag, 750
ArrayListBag, 750
ArrayListBag, 750
ArrayListBag, 1167
ArrayListBag, 1042
ArrayListBag, 750
ArrayListBag, 792
ArrayListBag, 834
ArrayListBag, 708
ArrayListBag, 750
ArrayListBag, 709
ArrayListBag, 750
ArrayListBag, 875
ArrayListBag, 750
ArrayListBag, 750
ArrayListBag, 708
ArrayListBag, 709
ArrayListBag, 750
ArrayListBag, 708
ArrayListBag, 708
ArrayListBag, 709
ArrayListBag, 708
ArrayListBag, 833
ArrayListBag, 750
ArrayListBag, 708
ArrayListBag, 750
ArrayListBag, 708
ArrayListBag, 708
ArrayListBag, 750
ArrayListBag, 709
ArrayListBag, 709
ArrayListBag, 708
ArrayListBag, 958
ArrayListBag, 750
ArrayListBag, 1208
ArrayListBag, 1042
ArrayListBag, 709
ArrayListBag, 750
ArrayListBag, 1291
ArrayListBag, 2708
ArrayListBag, 8833
ArrayListBag, 750
ArrayListBag, 959
ArrayListBag, 750
ArrayListBag, 666
ArrayListBag, 667
ArrayListBag, 667
ArrayListBag, 666
ArrayListBag, 667
ArrayListBag, 667
ArrayListBag, 666
ArrayListBag, 625
ArrayListBag, 625
ArrayListBag, 667
ArrayListBag, 667
ArrayListBag, 666
ArrayListBag, 667
ArrayListBag, 625
ArrayListBag, 625
ArrayListBag, 667
ArrayListBag, 666
ArrayListBag, 625
ArrayListBag, 625
ArrayListBag, 667
ArrayListBag, 625
ArrayListBag, 833
ArrayListBag, 666
ArrayListBag, 625
ArrayListBag, 625
ArrayListBag, 625
ArrayListBag, 666
ArrayListBag, 625
ArrayListBag, 625
ArrayListBag, 666
ArrayListBag, 625
ArrayListBag, 625
ArrayListBag, 667
ArrayListBag, 667
ArrayListBag, 666
ArrayListBag, 625
ArrayListBag, 625
ArrayListBag, 625
ArrayListBag, 625
ArrayListBag, 667
ArrayListBag, 625
ArrayListBag, 625
ArrayListBag, 625
ArrayListBag, 625
ArrayListBag, 625
ArrayListBag, 625
ArrayListBag, 625
ArrayListBag, 625
ArrayListBag, 667
ArrayListBag, 625
ArrayListBag, 625
ArrayListBag, 625
ArrayListBag, 625
ArrayListBag, 584
ArrayListBag, 625
ArrayListBag, 625
ArrayListBag, 625
ArrayListBag, 625
ArrayListBag, 625
ArrayListBag, 666
ArrayListBag, 625
ArrayListBag, 625
ArrayListBag, 625
ArrayListBag, 625
ArrayListBag, 625
ArrayListBag, 625
ArrayListBag, 625
ArrayListBag, 667
ArrayListBag, 625
ArrayListBag, 625
ArrayListBag, 625
ArrayListBag, 625
ArrayListBag, 792
ArrayListBag, 625
ArrayListBag, 625
ArrayListBag, 625
ArrayListBag, 625
ArrayListBag, 625
ArrayListBag, 583
ArrayListBag, 584
ArrayListBag, 583
ArrayListBag, 583
ArrayListBag, 584
ArrayListBag, 583
ArrayListBag, 583
ArrayListBag, 625
ArrayListBag, 625
ArrayListBag, 625
ArrayListBag, 625
ArrayListBag, 625
ArrayListBag, 625
ArrayListBag, 625
ArrayListBag, 625
ArrayListBag, 584
ArrayListBag, 625
ArrayListBag, 625
ArrayListBag, 625
ArrayListBag, 625
ArrayListBag, 625
ArrayListBag, 583
ArrayListBag, 584
ArrayListBag, 3042
ArrayListBag, 833
ArrayListBag, 2166
ArrayListBag, 875
ArrayListBag, 292
ArrayListBag, 250
ArrayListBag, 166
ArrayListBag, 208
ArrayListBag, 333
ArrayListBag, 208
ArrayListBag, 167
ArrayListBag, 250
ArrayListBag, 208
ArrayListBag, 208
ArrayListBag, 208
ArrayListBag, 166
ArrayListBag, 208
ArrayListBag, 208
ArrayListBag, 209
ArrayListBag, 209
ArrayListBag, 208
ArrayListBag, 209
ArrayListBag, 209
ArrayListBag, 250
ArrayListBag, 208
ArrayListBag, 166
ArrayListBag, 208
ArrayListBag, 208
ArrayListBag, 209
ArrayListBag, 209
ArrayListBag, 209
ArrayListBag, 167
ArrayListBag, 208
ArrayListBag, 208
ArrayListBag, 208
ArrayListBag, 208
ArrayListBag, 209
ArrayListBag, 167
ArrayListBag, 208
ArrayListBag, 208
ArrayListBag, 208
ArrayListBag, 208
ArrayListBag, 166
ArrayListBag, 333
ArrayListBag, 208
ArrayListBag, 167
ArrayListBag, 209
ArrayListBag, 209
ArrayListBag, 250
ArrayListBag, 208
ArrayListBag, 208
ArrayListBag, 208
ArrayListBag, 208
ArrayListBag, 166
ArrayListBag, 291
ArrayListBag, 208
ArrayListBag, 208
ArrayListBag, 208
ArrayListBag, 208
ArrayListBag, 167
ArrayListBag, 167
ArrayListBag, 209
ArrayListBag, 209
ArrayListBag, 209
ArrayListBag, 209
ArrayListBag, 209
ArrayListBag, 209
ArrayListBag, 209
ArrayListBag, 167
ArrayListBag, 208
ArrayListBag, 208
ArrayListBag, 167
ArrayListBag, 167
ArrayListBag, 208
ArrayListBag, 209
ArrayListBag, 167
ArrayListBag, 208
ArrayListBag, 208
ArrayListBag, 209
ArrayListBag, 209
ArrayListBag, 208
ArrayListBag, 208
ArrayListBag, 166
ArrayListBag, 208
ArrayListBag, 208
ArrayListBag, 208
ArrayListBag, 333
ArrayListBag, 208
ArrayListBag, 208
ArrayListBag, 208
ArrayListBag, 167
ArrayListBag, 208
ArrayListBag, 208
ArrayListBag, 208
ArrayListBag, 167
ArrayListBag, 209
ArrayListBag, 209
ArrayListBag, 209
ArrayListBag, 208
ArrayListBag, 208
ArrayListBag, 208
ArrayListBag, 166
ArrayListBag, 208
ArrayListBag, 208
ArrayListBag, 167
ArrayListBag, 209
ArrayListBag, 209
ArrayListBag, 209
ArrayListBag, 250
ArrayListBag, 209
ArrayListBag, 209
ArrayListBag, 209
ArrayListBag, 209
ArrayListBag, 209
ArrayListBag, 167
ArrayListBag, 167
ArrayListBag, 167
ArrayListBag, 167
ArrayListBag, 167
ArrayListBag, 167
ArrayListBag, 209
ArrayListBag, 209
ArrayListBag, 167
ArrayListBag, 167
ArrayListBag, 167
ArrayListBag, 167
ArrayListBag, 209
ArrayListBag, 209
ArrayListBag, 209
ArrayListBag, 209
ArrayListBag, 167
ArrayListBag, 167
ArrayListBag, 167
ArrayListBag, 167
ArrayListBag, 208
ArrayListBag, 167
ArrayListBag, 167
ArrayListBag, 167
ArrayListBag, 208
ArrayListBag, 166
ArrayListBag, 208
ArrayListBag, 208
ArrayListBag, 208
ArrayListBag, 166
ArrayListBag, 166
ArrayListBag, 208
ArrayListBag, 208
ArrayListBag, 208
ArrayListBag, 167
ArrayListBag, 167
ArrayListBag, 209
ArrayListBag, 209
ArrayListBag, 209
ArrayListBag, 209
ArrayListBag, 167
ArrayListBag, 167
ArrayListBag, 167
ArrayListBag, 208
ArrayListBag, 208
ArrayListBag, 167
ArrayListBag, 167
ArrayListBag, 167
ArrayListBag, 167
ArrayListBag, 167
ArrayListBag, 208
ArrayListBag, 208
ArrayListBag, 167
ArrayListBag, 167
ArrayListBag, 167
ArrayListBag, 167
ArrayListBag, 167
ArrayListBag, 208
ArrayListBag, 208
ArrayListBag, 208
ArrayListBag, 208
ArrayListBag, 208
ArrayListBag, 208
ArrayListBag, 208
ArrayListBag, 208
ArrayListBag, 208
ArrayListBag, 208
ArrayListBag, 208
ArrayListBag, 250
ArrayListBag, 209
ArrayListBag, 167
ArrayListBag, 167
ArrayListBag, 167
ArrayListBag, 209
ArrayListBag, 209
ArrayListBag, 208
ArrayListBag, 208
ArrayListBag, 167
ArrayListBag, 167
ArrayListBag, 209
ArrayListBag, 167
ArrayListBag, 209
ArrayListBag, 209
ArrayListBag, 167
ArrayListBag, 209
ArrayListBag, 209
ArrayListBag, 209
ArrayListBag, 167
ArrayListBag, 167
ArrayListBag, 208
ArrayListBag, 167
ArrayListBag, 208
ArrayListBag, 208
ArrayListBag, 208
ArrayListBag, 166
ArrayListBag, 166
ArrayListBag, 208
ArrayListBag, 167
ArrayListBag, 167
ArrayListBag, 167
ArrayListBag, 209
ArrayListBag, 167
ArrayListBag, 208
ArrayListBag, 167
ArrayListBag, 167
ArrayListBag, 208
ArrayListBag, 208
ArrayListBag, 208
ArrayListBag, 166
ArrayListBag, 166
ArrayListBag, 166
ArrayListBag, 208
ArrayListBag, 166
ArrayListBag, 208
ArrayListBag, 208
ArrayListBag, 208
ArrayListBag, 166
ArrayListBag, 208
ArrayListBag, 208
ArrayListBag, 167
ArrayListBag, 167
ArrayListBag, 167
ArrayListBag, 167
ArrayListBag, 167
ArrayListBag, 167
ArrayListBag, 167
ArrayListBag, 166
ArrayListBag, 166
ArrayListBag, 208
ArrayListBag, 167
ArrayListBag, 167
ArrayListBag, 167
ArrayListBag, 167
ArrayListBag, 208
ArrayListBag, 208
ArrayListBag, 166
ArrayListBag, 166
ArrayListBag, 208
ArrayListBag, 167
ArrayListBag, 167
ArrayListBag, 209
ArrayListBag, 167
ArrayListBag, 167
ArrayListBag, 166
ArrayListBag, 166
ArrayListBag, 166
ArrayListBag, 208
ArrayListBag, 166
ArrayListBag, 166
ArrayListBag, 166
ArrayListBag, 167
ArrayListBag, 167
ArrayListBag, 167
ArrayListBag, 209
ArrayListBag, 167
ArrayListBag, 167
ArrayListBag, 166
ArrayListBag, 166
ArrayListBag, 167
ArrayListBag, 167
ArrayListBag, 167
ArrayListBag, 292
ArrayListBag, 167
ArrayListBag, 208
ArrayListBag, 166
ArrayListBag, 166
ArrayListBag, 208
ArrayListBag, 167
ArrayListBag, 209
ArrayListBag, 167
ArrayListBag, 208
ArrayListBag, 208
ArrayListBag, 208
ArrayListBag, 166
ArrayListBag, 208
ArrayListBag, 167
ArrayListBag, 167
ArrayListBag, 167
ArrayListBag, 167
ArrayListBag, 208
ArrayListBag, 166
ArrayListBag, 167
ArrayListBag, 209
ArrayListBag, 167
ArrayListBag, 209
ArrayListBag, 209
ArrayListBag, 167
ArrayListBag, 167
ArrayListBag, 166
ArrayListBag, 167
ArrayListBag, 167
ArrayListBag, 167
ArrayListBag, 208
ArrayListBag, 166
ArrayListBag, 166
ArrayListBag, 208
ArrayListBag, 167
ArrayListBag, 209
ArrayListBag, 208
ArrayListBag, 166
ArrayListBag, 166
ArrayListBag, 208
ArrayListBag, 167
ArrayListBag, 208
ArrayListBag, 167
ArrayListBag, 208
ArrayListBag, 208
ArrayListBag, 167
ArrayListBag, 334
ArrayListBag, 167
ArrayListBag, 209
ArrayListBag, 167
ArrayListBag, 167
ArrayListBag, 167
ArrayListBag, 167
ArrayListBag, 167
ArrayListBag, 250
ArrayListBag, 167
ArrayListBag, 167
ArrayListBag, 208
ArrayListBag, 166
ArrayListBag, 208
ArrayListBag, 167
ArrayListBag, 167
ArrayListBag, 167
ArrayListBag, 167
ArrayListBag, 208
ArrayListBag, 166
ArrayListBag, 208
ArrayListBag, 167
ArrayListBag, 167
ArrayListBag, 167
ArrayListBag, 166
ArrayListBag, 166
ArrayListBag, 500
ArrayListBag, 167
ArrayListBag, 167
ArrayListBag, 166
ArrayListBag, 166
ArrayListBag, 167
ArrayListBag, 167
ArrayListBag, 167
ArrayListBag, 167
ArrayListBag, 166
ArrayListBag, 166
ArrayListBag, 167
ArrayListBag, 167
ArrayListBag, 167
ArrayListBag, 417
ArrayListBag, 500
ArrayListBag, 167
ArrayListBag, 375
ArrayListBag, 166
ArrayListBag, 167
ArrayListBag, 167
ArrayListBag, 167
ArrayListBag, 167
ArrayListBag, 167
ArrayListBag, 166
ArrayListBag, 166
ArrayListBag, 167
ArrayListBag, 166
ArrayListBag, 166
ArrayListBag, 167
ArrayListBag, 167
ArrayListBag, 167
ArrayListBag, 167
ArrayListBag, 167
ArrayListBag, 208
ArrayListBag, 166
ArrayListBag, 166
ArrayListBag, 167
ArrayListBag, 167
ArrayListBag, 167
ArrayListBag, 167
ArrayListBag, 208
ArrayListBag, 166
ArrayListBag, 166
ArrayListBag, 167
ArrayListBag, 208
ArrayListBag, 167
ArrayListBag, 209
ArrayListBag, 167
ArrayListBag, 167
ArrayListBag, 208
ArrayListBag, 166
ArrayListBag, 166
ArrayListBag, 167
ArrayListBag, 167
ArrayListBag, 167
ArrayListBag, 167
ArrayListBag, 166
ArrayListBag, 166
ArrayListBag, 208
ArrayListBag, 167
ArrayListBag, 167
ArrayListBag, 167
ArrayListBag, 167
ArrayListBag, 166
ArrayListBag, 208
ArrayListBag, 167
ArrayListBag, 167
ArrayListBag, 167
ArrayListBag, 166
ArrayListBag, 166
ArrayListBag, 167
ArrayListBag, 167
ArrayListBag, 167
ArrayListBag, 166
ArrayListBag, 166
ArrayListBag, 167
ArrayListBag, 167
ArrayListBag, 125
ArrayListBag, 167
ArrayListBag, 166
ArrayListBag, 208
ArrayListBag, 167
ArrayListBag, 167
ArrayListBag, 125
ArrayListBag, 125
ArrayListBag, 167
ArrayListBag, 167
ArrayListBag, 2125
ArrayListBag, 208
ArrayListBag, 125
ArrayListBag, 167
ArrayListBag, 167
ArrayListBag, 167
ArrayListBag, 125
ArrayListBag, 125
ArrayListBag, 167
ArrayListBag, 167
