ArrayListBag, 13750
ArrayListBag, 333
ArrayListBag, 291
ArrayListBag, 208
ArrayListBag, 208
ArrayListBag, 209
ArrayListBag, 250
ArrayListBag, 208
ArrayListBag, 208
ArrayListBag, 250
ArrayListBag, 10417
ArrayListBag, 209
ArrayListBag, 209
ArrayListBag, 291
ArrayListBag, 209
ArrayListBag, 875
ArrayListBag, 250
ArrayListBag, 250
ArrayListBag, 208
ArrayListBag, 208
ArrayListBag, 250
ArrayListBag, 875
ArrayListBag, 959
ArrayListBag, 250
ArrayListBag, 250
ArrayListBag, 208
ArrayListBag, 208
ArrayListBag, 209
ArrayListBag, 209
ArrayListBag, 208
ArrayListBag, 208
ArrayListBag, 209
ArrayListBag, 250
ArrayListBag, 958
ArrayListBag, 208
ArrayListBag, 208
ArrayListBag, 250
ArrayListBag, 208
ArrayListBag, 208
ArrayListBag, 209
ArrayListBag, 250
ArrayListBag, 208
ArrayListBag, 208
ArrayListBag, 209
ArrayListBag, 291
ArrayListBag, 209
ArrayListBag, 208
ArrayListBag, 208
ArrayListBag, 209
ArrayListBag, 1291
ArrayListBag, 208
ArrayListBag, 625
ArrayListBag, 209
ArrayListBag, 208
ArrayListBag, 208
ArrayListBag, 209
ArrayListBag, 250
ArrayListBag, 208
ArrayListBag, 208
ArrayListBag, 584
ArrayListBag, 208
ArrayListBag, 208
ArrayListBag, 209
ArrayListBag, 208
ArrayListBag, 250
ArrayListBag, 208
ArrayListBag, 250
ArrayListBag, 250
ArrayListBag, 250
ArrayListBag, 167
ArrayListBag, 208
ArrayListBag, 208
ArrayListBag, 209
ArrayListBag, 875
ArrayListBag, 250
ArrayListBag, 208
ArrayListBag, 208
ArrayListBag, 208
ArrayListBag, 209
ArrayListBag, 208
ArrayListBag, 208
ArrayListBag, 209
ArrayListBag, 208
ArrayListBag, 750
ArrayListBag, 208
ArrayListBag, 209
ArrayListBag, 208
ArrayListBag, 208
ArrayListBag, 250
ArrayListBag, 208
ArrayListBag, 209
ArrayListBag, 208
ArrayListBag, 250
ArrayListBag, 209
ArrayListBag, 208
ArrayListBag, 208
ArrayListBag, 250
ArrayListBag, 208
ArrayListBag, 209
ArrayListBag, 166
ArrayListBag, 209
ArrayListBag, 208
ArrayListBag, 208
ArrayListBag, 250
ArrayListBag, 208
ArrayListBag, 209
ArrayListBag, 208
ArrayListBag, 208
ArrayListBag, 250
ArrayListBag, 875
ArrayListBag, 209
ArrayListBag, 208
ArrayListBag, 208
ArrayListBag, 209
ArrayListBag, 250
ArrayListBag, 209
ArrayListBag, 208
ArrayListBag, 208
ArrayListBag, 209
ArrayListBag, 208
ArrayListBag, 209
ArrayListBag, 250
ArrayListBag, 209
ArrayListBag, 167
ArrayListBag, 208
ArrayListBag, 209
ArrayListBag, 208
ArrayListBag, 1083
ArrayListBag, 208
ArrayListBag, 209
ArrayListBag, 208
ArrayListBag, 208
ArrayListBag, 208
ArrayListBag, 209
ArrayListBag, 208
ArrayListBag, 209
ArrayListBag, 208
ArrayListBag, 208
ArrayListBag, 417
ArrayListBag, 209
ArrayListBag, 250
ArrayListBag, 209
ArrayListBag, 208
ArrayListBag, 209
ArrayListBag, 208
ArrayListBag, 250
ArrayListBag, 208
ArrayListBag, 208
ArrayListBag, 209
ArrayListBag, 208
ArrayListBag, 250
ArrayListBag, 208
ArrayListBag, 209
ArrayListBag, 208
ArrayListBag, 208
ArrayListBag, 209
ArrayListBag, 208
ArrayListBag, 209
ArrayListBag, 208
ArrayListBag, 208
ArrayListBag, 209
ArrayListBag, 208
ArrayListBag, 500
ArrayListBag, 917
ArrayListBag, 167
ArrayListBag, 208
ArrayListBag, 208
ArrayListBag, 250
ArrayListBag, 208
ArrayListBag, 208
ArrayListBag, 208
ArrayListBag, 209
ArrayListBag, 208
ArrayListBag, 208
ArrayListBag, 250
ArrayListBag, 208
ArrayListBag, 209
ArrayListBag, 500
ArrayListBag, 208
ArrayListBag, 209
ArrayListBag, 208
ArrayListBag, 208
ArrayListBag, 209
ArrayListBag, 208
ArrayListBag, 375
ArrayListBag, 209
ArrayListBag, 208
ArrayListBag, 209
ArrayListBag, 208
ArrayListBag, 208
ArrayListBag, 209
ArrayListBag, 208
ArrayListBag, 250
ArrayListBag, 208
ArrayListBag, 208
ArrayListBag, 209
ArrayListBag, 1667
ArrayListBag, 208
ArrayListBag, 250
ArrayListBag, 208
ArrayListBag, 209
ArrayListBag, 208
ArrayListBag, 208
ArrayListBag, 250
ArrayListBag, 208
ArrayListBag, 208
ArrayListBag, 250
ArrayListBag, 417
ArrayListBag, 208
ArrayListBag, 208
ArrayListBag, 208
ArrayListBag, 625
ArrayListBag, 416
ArrayListBag, 208
ArrayListBag, 209
ArrayListBag, 250
ArrayListBag, 209
ArrayListBag, 209
ArrayListBag, 208
ArrayListBag, 208
ArrayListBag, 167
ArrayListBag, 208
ArrayListBag, 458
ArrayListBag, 209
ArrayListBag, 208
ArrayListBag, 208
ArrayListBag, 208
ArrayListBag, 209
ArrayListBag, 208
ArrayListBag, 208
ArrayListBag, 209
ArrayListBag, 250
ArrayListBag, 209
ArrayListBag, 208
ArrayListBag, 208
ArrayListBag, 209
ArrayListBag, 208
ArrayListBag, 208
ArrayListBag, 250
ArrayListBag, 250
ArrayListBag, 208
ArrayListBag, 208
ArrayListBag, 250
ArrayListBag, 208
ArrayListBag, 1000
ArrayListBag, 209
ArrayListBag, 208
ArrayListBag, 250
ArrayListBag, 209
ArrayListBag, 208
ArrayListBag, 208
ArrayListBag, 209
ArrayListBag, 208
ArrayListBag, 250
ArrayListBag, 209
ArrayListBag, 458
ArrayListBag, 208
ArrayListBag, 209
ArrayListBag, 208
ArrayListBag, 208
ArrayListBag, 208
ArrayListBag, 208
ArrayListBag, 209
ArrayListBag, 208
ArrayListBag, 1125
ArrayListBag, 250
ArrayListBag, 250
ArrayListBag, 208
ArrayListBag, 209
ArrayListBag, 208
ArrayListBag, 208
ArrayListBag, 250
ArrayListBag, 208
ArrayListBag, 208
ArrayListBag, 209
ArrayListBag, 208
ArrayListBag, 208
ArrayListBag, 250
ArrayListBag, 250
ArrayListBag, 209
ArrayListBag, 375
ArrayListBag, 209
ArrayListBag, 250
ArrayListBag, 250
ArrayListBag, 208
ArrayListBag, 208
ArrayListBag, 209
ArrayListBag, 208
ArrayListBag, 292
ArrayListBag, 208
ArrayListBag, 208
ArrayListBag, 250
ArrayListBag, 250
ArrayListBag, 208
ArrayListBag, 209
ArrayListBag, 208
ArrayListBag, 208
ArrayListBag, 584
ArrayListBag, 208
ArrayListBag, 208
ArrayListBag, 209
ArrayListBag, 208
ArrayListBag, 250
ArrayListBag, 208
ArrayListBag, 208
ArrayListBag, 417
ArrayListBag, 209
ArrayListBag, 250
ArrayListBag, 209
ArrayListBag, 208
ArrayListBag, 208
ArrayListBag, 250
ArrayListBag, 208
ArrayListBag, 209
ArrayListBag, 250
ArrayListBag, 209
ArrayListBag, 167
ArrayListBag, 208
ArrayListBag, 250
ArrayListBag, 250
ArrayListBag, 250
ArrayListBag, 209
ArrayListBag, 208
ArrayListBag, 208
ArrayListBag, 209
ArrayListBag, 208
ArrayListBag, 250
ArrayListBag, 208
ArrayListBag, 208
ArrayListBag, 209
ArrayListBag, 583
ArrayListBag, 208
ArrayListBag, 250
ArrayListBag, 209
ArrayListBag, 208
ArrayListBag, 208
ArrayListBag, 209
ArrayListBag, 208
ArrayListBag, 250
ArrayListBag, 625
ArrayListBag, 458
ArrayListBag, 208
ArrayListBag, 209
ArrayListBag, 208
ArrayListBag, 250
ArrayListBag, 208
ArrayListBag, 208
ArrayListBag, 209
ArrayListBag, 250
ArrayListBag, 209
ArrayListBag, 208
ArrayListBag, 208
ArrayListBag, 209
ArrayListBag, 208
ArrayListBag, 250
ArrayListBag, 208
ArrayListBag, 208
ArrayListBag, 209
ArrayListBag, 208
ArrayListBag, 250
ArrayListBag, 208
ArrayListBag, 208
ArrayListBag, 209
ArrayListBag, 208
ArrayListBag, 208
ArrayListBag, 209
ArrayListBag, 1083
ArrayListBag, 209
ArrayListBag, 208
ArrayListBag, 208
ArrayListBag, 209
ArrayListBag, 208
ArrayListBag, 250
ArrayListBag, 208
ArrayListBag, 208
ArrayListBag, 209
ArrayListBag, 208
ArrayListBag, 166
ArrayListBag, 208
ArrayListBag, 209
ArrayListBag, 208
ArrayListBag, 250
ArrayListBag, 209
ArrayListBag, 417
ArrayListBag, 250
ArrayListBag, 250
ArrayListBag, 208
ArrayListBag, 208
ArrayListBag, 209
ArrayListBag, 208
ArrayListBag, 209
ArrayListBag, 250
ArrayListBag, 209
ArrayListBag, 167
ArrayListBag, 250
ArrayListBag, 209
ArrayListBag, 208
ArrayListBag, 208
ArrayListBag, 250
ArrayListBag, 208
ArrayListBag, 500
ArrayListBag, 250
ArrayListBag, 208
ArrayListBag, 208
ArrayListBag, 250
ArrayListBag, 208
ArrayListBag, 209
ArrayListBag, 209
ArrayListBag, 208
ArrayListBag, 166
ArrayListBag, 250
ArrayListBag, 250
ArrayListBag, 208
ArrayListBag, 209
ArrayListBag, 209
ArrayListBag, 208
ArrayListBag, 208
ArrayListBag, 209
ArrayListBag, 208
ArrayListBag, 208
ArrayListBag, 208
ArrayListBag, 209
ArrayListBag, 208
ArrayListBag, 208
ArrayListBag, 209
ArrayListBag, 167
ArrayListBag, 250
ArrayListBag, 209
ArrayListBag, 208
ArrayListBag, 209
ArrayListBag, 250
ArrayListBag, 209
ArrayListBag, 208
ArrayListBag, 2083
ArrayListBag, 334
ArrayListBag, 250
ArrayListBag, 208
ArrayListBag, 208
ArrayListBag, 208
ArrayListBag, 208
ArrayListBag, 209
ArrayListBag, 250
ArrayListBag, 208
ArrayListBag, 209
ArrayListBag, 250
ArrayListBag, 209
ArrayListBag, 208
ArrayListBag, 208
ArrayListBag, 250
ArrayListBag, 208
ArrayListBag, 209
ArrayListBag, 208
ArrayListBag, 250
ArrayListBag, 208
ArrayListBag, 208
ArrayListBag, 334
ArrayListBag, 333
ArrayListBag, 250
ArrayListBag, 375
ArrayListBag, 208
ArrayListBag, 209
ArrayListBag, 208
ArrayListBag, 250
ArrayListBag, 208
ArrayListBag, 459
ArrayListBag, 209
ArrayListBag, 208
ArrayListBag, 3292
ArrayListBag, 292
ArrayListBag, 208
ArrayListBag, 500
ArrayListBag, 292
ArrayListBag, 208
ArrayListBag, 208
ArrayListBag, 209
ArrayListBag, 209
ArrayListBag, 208
ArrayListBag, 208
ArrayListBag, 209
ArrayListBag, 208
ArrayListBag, 208
ArrayListBag, 208
ArrayListBag, 209
ArrayListBag, 250
ArrayListBag, 208
ArrayListBag, 208
ArrayListBag, 208
ArrayListBag, 209
ArrayListBag, 208
ArrayListBag, 208
ArrayListBag, 208
ArrayListBag, 209
ArrayListBag, 208
ArrayListBag, 208
ArrayListBag, 208
ArrayListBag, 209
ArrayListBag, 208
ArrayListBag, 208
ArrayListBag, 209
ArrayListBag, 209
ArrayListBag, 208
ArrayListBag, 208
ArrayListBag, 209
ArrayListBag, 208
ArrayListBag, 208
ArrayListBag, 167
ArrayListBag, 208
ArrayListBag, 208
ArrayListBag, 208
ArrayListBag, 209
ArrayListBag, 208
ArrayListBag, 1667
ArrayListBag, 250
ArrayListBag, 209
ArrayListBag, 208
ArrayListBag, 208
ArrayListBag, 209
ArrayListBag, 208
ArrayListBag, 208
ArrayListBag, 209
ArrayListBag, 209
ArrayListBag, 209
ArrayListBag, 208
ArrayListBag, 167
ArrayListBag, 208
ArrayListBag, 208
ArrayListBag, 209
ArrayListBag, 208
ArrayListBag, 209
ArrayListBag, 208
ArrayListBag, 208
ArrayListBag, 209
ArrayListBag, 209
ArrayListBag, 209
ArrayListBag, 166
ArrayListBag, 208
ArrayListBag, 208
ArrayListBag, 208
ArrayListBag, 208
ArrayListBag, 209
ArrayListBag, 208
ArrayListBag, 209
ArrayListBag, 500
ArrayListBag, 208
ArrayListBag, 208
ArrayListBag, 167
ArrayListBag, 208
ArrayListBag, 167
ArrayListBag, 209
ArrayListBag, 1416
ArrayListBag, 250
ArrayListBag, 208
ArrayListBag, 209
ArrayListBag, 167
ArrayListBag, 208
ArrayListBag, 209
ArrayListBag, 208
ArrayListBag, 208
ArrayListBag, 208
ArrayListBag, 208
ArrayListBag, 208
ArrayListBag, 459
ArrayListBag, 208
ArrayListBag, 208
ArrayListBag, 208
ArrayListBag, 209
ArrayListBag, 208
ArrayListBag, 208
ArrayListBag, 209
ArrayListBag, 208
ArrayListBag, 167
ArrayListBag, 167
ArrayListBag, 208
ArrayListBag, 209
ArrayListBag, 208
ArrayListBag, 208
ArrayListBag, 209
ArrayListBag, 208
ArrayListBag, 208
ArrayListBag, 209
ArrayListBag, 208
ArrayListBag, 208
ArrayListBag, 208
ArrayListBag, 209
ArrayListBag, 208
ArrayListBag, 208
ArrayListBag, 209
ArrayListBag, 209
ArrayListBag, 208
ArrayListBag, 208
ArrayListBag, 209
ArrayListBag, 208
ArrayListBag, 208
ArrayListBag, 209
ArrayListBag, 208
ArrayListBag, 667
ArrayListBag, 208
ArrayListBag, 167
ArrayListBag, 208
ArrayListBag, 208
ArrayListBag, 209
ArrayListBag, 208
ArrayListBag, 208
ArrayListBag, 208
ArrayListBag, 209
ArrayListBag, 208
ArrayListBag, 166
ArrayListBag, 208
ArrayListBag, 209
ArrayListBag, 208
ArrayListBag, 208
ArrayListBag, 209
ArrayListBag, 500
ArrayListBag, 208
ArrayListBag, 208
ArrayListBag, 208
ArrayListBag, 209
ArrayListBag, 208
ArrayListBag, 209
ArrayListBag, 250
ArrayListBag, 208
ArrayListBag, 208
ArrayListBag, 250
ArrayListBag, 208
ArrayListBag, 208
ArrayListBag, 209
ArrayListBag, 250
ArrayListBag, 208
ArrayListBag, 209
ArrayListBag, 208
ArrayListBag, 250
ArrayListBag, 208
ArrayListBag, 208
ArrayListBag, 209
ArrayListBag, 208
ArrayListBag, 208
ArrayListBag, 209
ArrayListBag, 208
ArrayListBag, 208
ArrayListBag, 458
ArrayListBag, 209
ArrayListBag, 208
ArrayListBag, 208
ArrayListBag, 208
ArrayListBag, 209
ArrayListBag, 208
ArrayListBag, 208
ArrayListBag, 208
ArrayListBag, 209
ArrayListBag, 208
ArrayListBag, 208
ArrayListBag, 208
ArrayListBag, 209
ArrayListBag, 208
ArrayListBag, 208
ArrayListBag, 209
ArrayListBag, 208
ArrayListBag, 208
ArrayListBag, 208
ArrayListBag, 209
ArrayListBag, 166
ArrayListBag, 209
ArrayListBag, 208
ArrayListBag, 208
ArrayListBag, 209
ArrayListBag, 208
ArrayListBag, 208
ArrayListBag, 167
ArrayListBag, 209
ArrayListBag, 208
ArrayListBag, 208
ArrayListBag, 250
ArrayListBag, 209
ArrayListBag, 208
ArrayListBag, 208
ArrayListBag, 208
ArrayListBag, 209
ArrayListBag, 208
ArrayListBag, 208
ArrayListBag, 167
ArrayListBag, 209
ArrayListBag, 458
ArrayListBag, 208
ArrayListBag, 209
ArrayListBag, 209
ArrayListBag, 250
ArrayListBag, 209
ArrayListBag, 167
ArrayListBag, 167
ArrayListBag, 458
ArrayListBag, 166
ArrayListBag, 167
ArrayListBag, 166
ArrayListBag, 208
ArrayListBag, 167
ArrayListBag, 208
ArrayListBag, 167
ArrayListBag, 166
ArrayListBag, 209
ArrayListBag, 166
ArrayListBag, 167
ArrayListBag, 166
ArrayListBag, 209
ArrayListBag, 166
ArrayListBag, 167
ArrayListBag, 166
ArrayListBag, 167
ArrayListBag, 208
ArrayListBag, 167
ArrayListBag, 167
ArrayListBag, 167
ArrayListBag, 167
ArrayListBag, 166
ArrayListBag, 209
ArrayListBag, 166
ArrayListBag, 167
ArrayListBag, 166
ArrayListBag, 167
ArrayListBag, 167
ArrayListBag, 167
ArrayListBag, 167
ArrayListBag, 166
ArrayListBag, 167
ArrayListBag, 625
ArrayListBag, 208
ArrayListBag, 167
ArrayListBag, 166
ArrayListBag, 167
ArrayListBag, 166
ArrayListBag, 209
ArrayListBag, 166
ArrayListBag, 167
ArrayListBag, 166
ArrayListBag, 167
ArrayListBag, 209
ArrayListBag, 166
ArrayListBag, 250
ArrayListBag, 208
ArrayListBag, 209
ArrayListBag, 166
ArrayListBag, 209
ArrayListBag, 167
ArrayListBag, 167
ArrayListBag, 208
ArrayListBag, 208
ArrayListBag, 167
ArrayListBag, 167
ArrayListBag, 167
ArrayListBag, 208
ArrayListBag, 208
ArrayListBag, 167
ArrayListBag, 167
ArrayListBag, 167
ArrayListBag, 167
ArrayListBag, 166
ArrayListBag, 209
ArrayListBag, 166
ArrayListBag, 167
ArrayListBag, 167
ArrayListBag, 208
ArrayListBag, 167
ArrayListBag, 166
ArrayListBag, 167
ArrayListBag, 166
ArrayListBag, 167
ArrayListBag, 167
ArrayListBag, 208
ArrayListBag, 417
ArrayListBag, 166
ArrayListBag, 167
ArrayListBag, 166
ArrayListBag, 167
ArrayListBag, 166
ArrayListBag, 167
ArrayListBag, 167
ArrayListBag, 167
ArrayListBag, 167
ArrayListBag, 208
ArrayListBag, 167
ArrayListBag, 166
ArrayListBag, 167
ArrayListBag, 166
ArrayListBag, 167
ArrayListBag, 166
ArrayListBag, 167
ArrayListBag, 208
ArrayListBag, 167
ArrayListBag, 166
ArrayListBag, 167
ArrayListBag, 166
ArrayListBag, 167
ArrayListBag, 167
ArrayListBag, 208
ArrayListBag, 167
ArrayListBag, 166
ArrayListBag, 167
ArrayListBag, 166
ArrayListBag, 167
ArrayListBag, 167
ArrayListBag, 167
ArrayListBag, 167
ArrayListBag, 208
ArrayListBag, 167
ArrayListBag, 166
ArrayListBag, 209
ArrayListBag, 166
ArrayListBag, 167
ArrayListBag, 167
ArrayListBag, 167
ArrayListBag, 167
ArrayListBag, 166
ArrayListBag, 167
ArrayListBag, 166
ArrayListBag, 167
ArrayListBag, 208
ArrayListBag, 167
ArrayListBag, 167
ArrayListBag, 416
ArrayListBag, 167
ArrayListBag, 166
ArrayListBag, 167
ArrayListBag, 166
ArrayListBag, 167
ArrayListBag, 4250
ArrayListBag, 208
ArrayListBag, 167
ArrayListBag, 208
ArrayListBag, 167
ArrayListBag, 167
ArrayListBag, 167
ArrayListBag, 167
ArrayListBag, 166
ArrayListBag, 167
ArrayListBag, 166
ArrayListBag, 209
ArrayListBag, 166
ArrayListBag, 167
ArrayListBag, 166
ArrayListBag, 167
ArrayListBag, 167
ArrayListBag, 208
ArrayListBag, 167
ArrayListBag, 208
ArrayListBag, 167
ArrayListBag, 166
ArrayListBag, 209
ArrayListBag, 166
ArrayListBag, 167
ArrayListBag, 208
ArrayListBag, 167
ArrayListBag, 167
ArrayListBag, 667
ArrayListBag, 167
ArrayListBag, 166
ArrayListBag, 167
ArrayListBag, 166
ArrayListBag, 292
ArrayListBag, 208
ArrayListBag, 125
ArrayListBag, 125
ArrayListBag, 166
ArrayListBag, 125
ArrayListBag, 167
ArrayListBag, 166
ArrayListBag, 209
ArrayListBag, 166
ArrayListBag, 167
ArrayListBag, 167
ArrayListBag, 125
ArrayListBag, 125
ArrayListBag, 208
ArrayListBag, 167
ArrayListBag, 125
ArrayListBag, 125
ArrayListBag, 166
ArrayListBag, 167
ArrayListBag, 125
ArrayListBag, 125
ArrayListBag, 166
ArrayListBag, 167
ArrayListBag, 125
ArrayListBag, 167
ArrayListBag, 166
ArrayListBag, 125
ArrayListBag, 125
ArrayListBag, 167
ArrayListBag, 166
ArrayListBag, 166
ArrayListBag, 125
ArrayListBag, 125
ArrayListBag, 167
ArrayListBag, 166
ArrayListBag, 125
ArrayListBag, 167
ArrayListBag, 167
ArrayListBag, 416
ArrayListBag, 125
ArrayListBag, 125
ArrayListBag, 167
ArrayListBag, 125
ArrayListBag, 167
ArrayListBag, 167
ArrayListBag, 125
ArrayListBag, 166
ArrayListBag, 125
ArrayListBag, 125
ArrayListBag, 166
ArrayListBag, 167
ArrayListBag, 167
ArrayListBag, 125
ArrayListBag, 291
ArrayListBag, 125
ArrayListBag, 125
ArrayListBag, 125
ArrayListBag, 125
ArrayListBag, 125
ArrayListBag, 83
ArrayListBag, 125
ArrayListBag, 125
ArrayListBag, 166
ArrayListBag, 83
ArrayListBag, 125
ArrayListBag, 125
ArrayListBag, 125
ArrayListBag, 125
ArrayListBag, 83
ArrayListBag, 83
ArrayListBag, 125
ArrayListBag, 4208
ArrayListBag, 417
ArrayListBag, 125
ArrayListBag, 125
ArrayListBag, 125
ArrayListBag, 334
ArrayListBag, 417
ArrayListBag, 333
ArrayListBag, 83
ArrayListBag, 125
ArrayListBag, 250
ArrayListBag, 292
ArrayListBag, 375
ArrayListBag, 83
ArrayListBag, 125
ArrayListBag, 125
ArrayListBag, 125
ArrayListBag, 125
ArrayListBag, 125
ArrayListBag, 125
ArrayListBag, 83
ArrayListBag, 83
ArrayListBag, 83
ArrayListBag, 125
ArrayListBag, 125
ArrayListBag, 125
ArrayListBag, 125
ArrayListBag, 83
ArrayListBag, 83
ArrayListBag, 83
ArrayListBag, 125
ArrayListBag, 125
ArrayListBag, 125
ArrayListBag, 125
ArrayListBag, 125
ArrayListBag, 84
ArrayListBag, 125
ArrayListBag, 125
ArrayListBag, 125
ArrayListBag, 125
ArrayListBag, 83
ArrayListBag, 125
ArrayListBag, 125
ArrayListBag, 125
ArrayListBag, 125
ArrayListBag, 83
ArrayListBag, 125
ArrayListBag, 125
ArrayListBag, 125
ArrayListBag, 125
ArrayListBag, 125
ArrayListBag, 125
ArrayListBag, 125
ArrayListBag, 84
ArrayListBag, 84
ArrayListBag, 84
ArrayListBag, 125
ArrayListBag, 125
ArrayListBag, 125
ArrayListBag, 125
ArrayListBag, 125
ArrayListBag, 84
ArrayListBag, 84
ArrayListBag, 125
ArrayListBag, 125
ArrayListBag, 125
ArrayListBag, 125
ArrayListBag, 250
ArrayListBag, 125
ArrayListBag, 250
ArrayListBag, 125
ArrayListBag, 125
