ArrayListBag, 12417
ArrayListBag, 1000
ArrayListBag, 625
ArrayListBag, 667
ArrayListBag, 667
ArrayListBag, 625
ArrayListBag, 667
ArrayListBag, 667
ArrayListBag, 792
ArrayListBag, 875
ArrayListBag, 959
ArrayListBag, 1167
ArrayListBag, 9458
ArrayListBag, 1416
ArrayListBag, 1500
ArrayListBag, 2250
ArrayListBag, 1750
ArrayListBag, 1625
ArrayListBag, 1500
ArrayListBag, 1500
ArrayListBag, 1833
ArrayListBag, 1583
ArrayListBag, 2458
ArrayListBag, 1792
ArrayListBag, 1250
ArrayListBag, 1792
ArrayListBag, 2292
ArrayListBag, 2250
ArrayListBag, 2042
ArrayListBag, 2292
ArrayListBag, 2459
ArrayListBag, 9583
ArrayListBag, 2542
ArrayListBag, 2500
ArrayListBag, 2958
ArrayListBag, 3208
ArrayListBag, 2625
ArrayListBag, 2916
ArrayListBag, 1041
ArrayListBag, 3375
ArrayListBag, 2875
ArrayListBag, 3125
ArrayListBag, 584
ArrayListBag, 3875
ArrayListBag, 3125
ArrayListBag, 3500
ArrayListBag, 4000
ArrayListBag, 4000
ArrayListBag, 2333
ArrayListBag, 4083
ArrayListBag, 3500
ArrayListBag, 3542
ArrayListBag, 3917
ArrayListBag, 3875
ArrayListBag, 4417
ArrayListBag, 3834
ArrayListBag, 4417
ArrayListBag, 3917
ArrayListBag, 4375
ArrayListBag, 4167
ArrayListBag, 4125
ArrayListBag, 4541
ArrayListBag, 4167
ArrayListBag, 4709
ArrayListBag, 4542
ArrayListBag, 5083
ArrayListBag, 5542
ArrayListBag, 4750
ArrayListBag, 1708
ArrayListBag, 5167
ArrayListBag, 4917
ArrayListBag, 5375
ArrayListBag, 5000
ArrayListBag, 4500
ArrayListBag, 1208
ArrayListBag, 1250
ArrayListBag, 2250
ArrayListBag, 2208
ArrayListBag, 2209
ArrayListBag, 416
ArrayListBag, 2292
ArrayListBag, 2375
ArrayListBag, 2417
ArrayListBag, 2875
ArrayListBag, 2459
ArrayListBag, 2459
ArrayListBag, 2583
ArrayListBag, 2542
ArrayListBag, 2916
ArrayListBag, 2584
ArrayListBag, 2583
ArrayListBag, 2667
ArrayListBag, 2583
ArrayListBag, 2625
ArrayListBag, 3208
ArrayListBag, 2792
ArrayListBag, 2666
ArrayListBag, 2791
ArrayListBag, 3042
ArrayListBag, 1625
ArrayListBag, 2750
ArrayListBag, 2792
ArrayListBag, 2833
ArrayListBag, 1208
ArrayListBag, 500
ArrayListBag, 2958
ArrayListBag, 2625
ArrayListBag, 5875
ArrayListBag, 3167
ArrayListBag, 2458
ArrayListBag, 1458
ArrayListBag, 3500
ArrayListBag, 709
ArrayListBag, 3250
ArrayListBag, 4083
ArrayListBag, 2709
ArrayListBag, 292
ArrayListBag, 2875
ArrayListBag, 959
ArrayListBag, 3333
ArrayListBag, 1167
ArrayListBag, 3375
ArrayListBag, 3583
ArrayListBag, 3667
ArrayListBag, 3875
ArrayListBag, 417
ArrayListBag, 3542
ArrayListBag, 4541
ArrayListBag, 2833
ArrayListBag, 3708
ArrayListBag, 2500
ArrayListBag, 3667
ArrayListBag, 4125
ArrayListBag, 4708
ArrayListBag, 1708
ArrayListBag, 3959
ArrayListBag, 500
ArrayListBag, 4833
ArrayListBag, 4666
ArrayListBag, 4500
ArrayListBag, 2459
ArrayListBag, 791
ArrayListBag, 3875
ArrayListBag, 16917
ArrayListBag, 2875
ArrayListBag, 4125
ArrayListBag, 2542
ArrayListBag, 4083
ArrayListBag, 2917
ArrayListBag, 4125
ArrayListBag, 4167
ArrayListBag, 4750
ArrayListBag, 4417
ArrayListBag, 5584
ArrayListBag, 5500
ArrayListBag, 1709
ArrayListBag, 875
ArrayListBag, 1750
ArrayListBag, 1709
ArrayListBag, 1958
ArrayListBag, 1708
ArrayListBag, 1709
ArrayListBag, 1750
ArrayListBag, 1750
ArrayListBag, 1500
ArrayListBag, 750
ArrayListBag, 1167
ArrayListBag, 833
ArrayListBag, 1417
ArrayListBag, 1792
ArrayListBag, 1625
ArrayListBag, 958
ArrayListBag, 375
ArrayListBag, 1833
ArrayListBag, 1792
ArrayListBag, 1750
ArrayListBag, 1875
ArrayListBag, 1917
ArrayListBag, 1875
ArrayListBag, 875
ArrayListBag, 1125
ArrayListBag, 1917
ArrayListBag, 1375
ArrayListBag, 1959
ArrayListBag, 2250
ArrayListBag, 1917
ArrayListBag, 1542
ArrayListBag, 1833
ArrayListBag, 1333
ArrayListBag, 2042
ArrayListBag, 2000
ArrayListBag, 2000
ArrayListBag, 2000
ArrayListBag, 959
ArrayListBag, 250
ArrayListBag, 2250
ArrayListBag, 2042
ArrayListBag, 2084
ArrayListBag, 1125
ArrayListBag, 2084
ArrayListBag, 2083
ArrayListBag, 1709
ArrayListBag, 833
ArrayListBag, 2125
ArrayListBag, 1667
ArrayListBag, 1292
ArrayListBag, 2167
ArrayListBag, 1208
ArrayListBag, 2375
ArrayListBag, 2209
ArrayListBag, 2167
ArrayListBag, 2208
ArrayListBag, 2208
ArrayListBag, 2417
ArrayListBag, 2208
ArrayListBag, 2083
ArrayListBag, 2250
ArrayListBag, 542
ArrayListBag, 1375
ArrayListBag, 2542
ArrayListBag, 2291
ArrayListBag, 2291
ArrayListBag, 2292
ArrayListBag, 2292
ArrayListBag, 542
ArrayListBag, 2333
ArrayListBag, 2083
ArrayListBag, 958
ArrayListBag, 1083
ArrayListBag, 2375
ArrayListBag, 2583
ArrayListBag, 458
ArrayListBag, 1584
ArrayListBag, 2083
ArrayListBag, 542
ArrayListBag, 1042
ArrayListBag, 2417
ArrayListBag, 2250
ArrayListBag, 2709
ArrayListBag, 875
ArrayListBag, 1833
ArrayListBag, 2458
ArrayListBag, 1083
ArrayListBag, 1459
ArrayListBag, 1541
ArrayListBag, 2834
ArrayListBag, 1041
ArrayListBag, 2291
ArrayListBag, 2208
ArrayListBag, 875
ArrayListBag, 1125
ArrayListBag, 2792
ArrayListBag, 2333
ArrayListBag, 1125
ArrayListBag, 1125
ArrayListBag, 6167
ArrayListBag, 500
ArrayListBag, 2625
ArrayListBag, 2584
ArrayListBag, 1083
ArrayListBag, 292
ArrayListBag, 2917
ArrayListBag, 875
ArrayListBag, 250
ArrayListBag, 750
ArrayListBag, 458
ArrayListBag, 2708
ArrayListBag, 3167
ArrayListBag, 2834
ArrayListBag, 2916
ArrayListBag, 2375
ArrayListBag, 667
ArrayListBag, 625
ArrayListBag, 2042
ArrayListBag, 3000
ArrayListBag, 2875
ArrayListBag, 2792
ArrayListBag, 541
ArrayListBag, 3042
ArrayListBag, 2375
ArrayListBag, 2875
ArrayListBag, 3042
ArrayListBag, 3084
ArrayListBag, 750
ArrayListBag, 3250
ArrayListBag, 2833
ArrayListBag, 3458
ArrayListBag, 583
ArrayListBag, 3084
ArrayListBag, 3000
ArrayListBag, 1084
ArrayListBag, 375
ArrayListBag, 3208
ArrayListBag, 500
ArrayListBag, 1666
ArrayListBag, 3000
ArrayListBag, 2250
ArrayListBag, 3042
ArrayListBag, 625
ArrayListBag, 292
ArrayListBag, 3042
ArrayListBag, 417
ArrayListBag, 2666
ArrayListBag, 3084
ArrayListBag, 3250
ArrayListBag, 292
ArrayListBag, 3041
ArrayListBag, 3166
ArrayListBag, 3291
ArrayListBag, 1208
ArrayListBag, 1792
ArrayListBag, 3167
ArrayListBag, 458
ArrayListBag, 1791
ArrayListBag, 2500
ArrayListBag, 3208
ArrayListBag, 3209
ArrayListBag, 875
ArrayListBag, 3417
ArrayListBag, 1459
ArrayListBag, 1333
ArrayListBag, 250
ArrayListBag, 2166
ArrayListBag, 3209
ArrayListBag, 1833
ArrayListBag, 2625
ArrayListBag, 2167
ArrayListBag, 2583
ArrayListBag, 1750
ArrayListBag, 209
ArrayListBag, 2333
ArrayListBag, 459
ArrayListBag, 1042
ArrayListBag, 3542
ArrayListBag, 2208
ArrayListBag, 750
ArrayListBag, 2167
ArrayListBag, 3042
ArrayListBag, 3750
ArrayListBag, 959
ArrayListBag, 3375
ArrayListBag, 250
ArrayListBag, 3958
ArrayListBag, 2084
ArrayListBag, 4792
ArrayListBag, 1542
ArrayListBag, 1667
ArrayListBag, 2167
ArrayListBag, 1666
ArrayListBag, 958
ArrayListBag, 125
ArrayListBag, 3458
ArrayListBag, 750
ArrayListBag, 3208
ArrayListBag, 625
ArrayListBag, 2917
ArrayListBag, 4292
ArrayListBag, 2792
ArrayListBag, 1166
ArrayListBag, 3708
ArrayListBag, 4250
ArrayListBag, 3167
ArrayListBag, 4458
ArrayListBag, 1166
ArrayListBag, 1875
ArrayListBag, 2959
ArrayListBag, 1458
ArrayListBag, 417
ArrayListBag, 3875
ArrayListBag, 3666
ArrayListBag, 2791
ArrayListBag, 166
ArrayListBag, 1083
ArrayListBag, 1625
ArrayListBag, 3916
ArrayListBag, 3791
ArrayListBag, 3625
ArrayListBag, 3917
ArrayListBag, 1625
ArrayListBag, 3750
ArrayListBag, 4084
ArrayListBag, 3791
ArrayListBag, 1875
ArrayListBag, 4084
ArrayListBag, 1042
ArrayListBag, 3750
ArrayListBag, 3125
ArrayListBag, 2792
ArrayListBag, 3792
ArrayListBag, 208
ArrayListBag, 1708
ArrayListBag, 2917
ArrayListBag, 3083
ArrayListBag, 3792
ArrayListBag, 959
ArrayListBag, 4125
ArrayListBag, 2708
ArrayListBag, 3334
ArrayListBag, 2292
ArrayListBag, 3625
ArrayListBag, 4125
ArrayListBag, 4125
ArrayListBag, 2208
ArrayListBag, 2750
ArrayListBag, 1542
ArrayListBag, 1042
ArrayListBag, 2250
ArrayListBag, 167
ArrayListBag, 792
ArrayListBag, 3917
ArrayListBag, 1209
ArrayListBag, 250
ArrayListBag, 4209
ArrayListBag, 2750
ArrayListBag, 1583
ArrayListBag, 4041
ArrayListBag, 1084
ArrayListBag, 1000
ArrayListBag, 4041
ArrayListBag, 167
ArrayListBag, 792
ArrayListBag, 2792
ArrayListBag, 1333
ArrayListBag, 4292
ArrayListBag, 1000
ArrayListBag, 4084
ArrayListBag, 4333
ArrayListBag, 1334
ArrayListBag, 4125
ArrayListBag, 4333
ArrayListBag, 1083
ArrayListBag, 1625
ArrayListBag, 1292
ArrayListBag, 4417
ArrayListBag, 625
ArrayListBag, 4541
ArrayListBag, 792
ArrayListBag, 4416
ArrayListBag, 1042
ArrayListBag, 4292
ArrayListBag, 4458
ArrayListBag, 4125
ArrayListBag, 1583
ArrayListBag, 2084
ArrayListBag, 750
ArrayListBag, 2875
ArrayListBag, 416
ArrayListBag, 458
ArrayListBag, 959
ArrayListBag, 2667
ArrayListBag, 3083
ArrayListBag, 4542
ArrayListBag, 250
ArrayListBag, 4375
ArrayListBag, 1792
ArrayListBag, 4583
ArrayListBag, 4333
ArrayListBag, 4709
ArrayListBag, 4500
ArrayListBag, 4542
ArrayListBag, 4417
ArrayListBag, 4625
ArrayListBag, 1125
ArrayListBag, 20667
ArrayListBag, 5292
ArrayListBag, 4708
ArrayListBag, 1334
ArrayListBag, 2458
ArrayListBag, 5042
ArrayListBag, 541
ArrayListBag, 3000
ArrayListBag, 4750
ArrayListBag, 1917
ArrayListBag, 1125
ArrayListBag, 709
ArrayListBag, 1458
ArrayListBag, 708
ArrayListBag, 833
ArrayListBag, 4875
ArrayListBag, 333
ArrayListBag, 1834
ArrayListBag, 2583
ArrayListBag, 2125
ArrayListBag, 3875
ArrayListBag, 500
ArrayListBag, 4791
ArrayListBag, 4875
ArrayListBag, 4709
ArrayListBag, 1083
ArrayListBag, 417
ArrayListBag, 5084
ArrayListBag, 3916
ArrayListBag, 3083
ArrayListBag, 3917
ArrayListBag, 2083
ArrayListBag, 5417
ArrayListBag, 3917
ArrayListBag, 1917
ArrayListBag, 5042
ArrayListBag, 2917
ArrayListBag, 5084
ArrayListBag, 3500
ArrayListBag, 3042
ArrayListBag, 4416
ArrayListBag, 458
ArrayListBag, 5042
ArrayListBag, 625
ArrayListBag, 125
ArrayListBag, 5167
ArrayListBag, 709
ArrayListBag, 4916
ArrayListBag, 5125
ArrayListBag, 2708
ArrayListBag, 958
ArrayListBag, 667
ArrayListBag, 667
ArrayListBag, 2084
ArrayListBag, 2792
ArrayListBag, 4208
ArrayListBag, 250
ArrayListBag, 958
ArrayListBag, 2458
ArrayListBag, 5250
ArrayListBag, 5375
ArrayListBag, 5292
ArrayListBag, 3666
ArrayListBag, 5292
ArrayListBag, 4709
ArrayListBag, 4083
ArrayListBag, 2875
ArrayListBag, 2959
ArrayListBag, 375
ArrayListBag, 1042
ArrayListBag, 2500
ArrayListBag, 1625
ArrayListBag, 875
ArrayListBag, 2791
ArrayListBag, 5208
ArrayListBag, 916
ArrayListBag, 4666
ArrayListBag, 5375
ArrayListBag, 1875
ArrayListBag, 3500
ArrayListBag, 708
ArrayListBag, 5459
ArrayListBag, 792
ArrayListBag, 5125
ArrayListBag, 3542
ArrayListBag, 1209
ArrayListBag, 917
ArrayListBag, 5583
ArrayListBag, 5459
ArrayListBag, 5333
ArrayListBag, 5500
ArrayListBag, 3667
ArrayListBag, 5500
ArrayListBag, 5291
ArrayListBag, 375
ArrayListBag, 1708
ArrayListBag, 3042
ArrayListBag, 3125
ArrayListBag, 1083
ArrayListBag, 417
ArrayListBag, 542
ArrayListBag, 375
ArrayListBag, 875
ArrayListBag, 3625
ArrayListBag, 4459
ArrayListBag, 1167
ArrayListBag, 2167
ArrayListBag, 5541
ArrayListBag, 167
ArrayListBag, 1125
ArrayListBag, 1000
ArrayListBag, 1333
ArrayListBag, 1542
ArrayListBag, 750
ArrayListBag, 166
ArrayListBag, 5500
ArrayListBag, 209
ArrayListBag, 166
ArrayListBag, 3875
ArrayListBag, 3500
ArrayListBag, 3875
ArrayListBag, 3042
ArrayListBag, 2875
ArrayListBag, 2750
ArrayListBag, 166
ArrayListBag, 458
ArrayListBag, 2167
ArrayListBag, 4625
ArrayListBag, 5708
ArrayListBag, 250
ArrayListBag, 209
ArrayListBag, 333
ArrayListBag, 3917
ArrayListBag, 4417
ArrayListBag, 5875
ArrayListBag, 5833
ArrayListBag, 1167
ArrayListBag, 792
ArrayListBag, 917
ArrayListBag, 1125
ArrayListBag, 5917
ArrayListBag, 2125
ArrayListBag, 2459
ArrayListBag, 4166
ArrayListBag, 333
ArrayListBag, 959
ArrayListBag, 4958
ArrayListBag, 6042
ArrayListBag, 791
ArrayListBag, 3291
ArrayListBag, 1417
ArrayListBag, 1000
ArrayListBag, 1125
ArrayListBag, 6375
ArrayListBag, 5917
ArrayListBag, 5250
ArrayListBag, 2417
ArrayListBag, 2625
ArrayListBag, 1917
ArrayListBag, 4666
ArrayListBag, 6125
ArrayListBag, 2542
ArrayListBag, 1834
ArrayListBag, 2834
ArrayListBag, 500
ArrayListBag, 958
ArrayListBag, 1834
ArrayListBag, 4250
ArrayListBag, 4417
ArrayListBag, 1458
ArrayListBag, 6250
ArrayListBag, 958
ArrayListBag, 1959
ArrayListBag, 1416
ArrayListBag, 959
ArrayListBag, 6125
ArrayListBag, 1709
ArrayListBag, 4916
ArrayListBag, 6708
ArrayListBag, 3084
ArrayListBag, 6250
ArrayListBag, 6459
ArrayListBag, 6833
ArrayListBag, 1583
ArrayListBag, 2416
ArrayListBag, 1625
ArrayListBag, 5375
ArrayListBag, 1167
ArrayListBag, 4834
ArrayListBag, 3042
ArrayListBag, 2583
ArrayListBag, 4708
ArrayListBag, 4709
ArrayListBag, 834
ArrayListBag, 3042
ArrayListBag, 833
ArrayListBag, 958
ArrayListBag, 750
ArrayListBag, 1500
ArrayListBag, 6708
ArrayListBag, 1041
ArrayListBag, 4583
ArrayListBag, 875
ArrayListBag, 958
ArrayListBag, 6791
ArrayListBag, 250
ArrayListBag, 1250
ArrayListBag, 4625
ArrayListBag, 3458
ArrayListBag, 500
ArrayListBag, 4292
ArrayListBag, 6542
ArrayListBag, 5459
ArrayListBag, 2375
ArrayListBag, 7667
ArrayListBag, 8250
ArrayListBag, 1250
ArrayListBag, 3458
ArrayListBag, 1125
ArrayListBag, 1917
ArrayListBag, 2000
ArrayListBag, 750
ArrayListBag, 2000
ArrayListBag, 1625
ArrayListBag, 1209
ArrayListBag, 6625
ArrayListBag, 2291
ArrayListBag, 6208
ArrayListBag, 6709
ArrayListBag, 750
ArrayListBag, 7083
ArrayListBag, 3166
ArrayListBag, 1042
ArrayListBag, 1584
ArrayListBag, 250
ArrayListBag, 6959
ArrayListBag, 1250
ArrayListBag, 4166
ArrayListBag, 1208
ArrayListBag, 6791
ArrayListBag, 1542
ArrayListBag, 1125
ArrayListBag, 875
ArrayListBag, 3375
ArrayListBag, 1042
ArrayListBag, 917
ArrayListBag, 6958
ArrayListBag, 1625
ArrayListBag, 6375
ArrayListBag, 2083
ArrayListBag, 459
ArrayListBag, 3667
ArrayListBag, 7042
ArrayListBag, 750
ArrayListBag, 417
ArrayListBag, 209
ArrayListBag, 250
ArrayListBag, 4792
ArrayListBag, 959
ArrayListBag, 3292
ArrayListBag, 500
ArrayListBag, 7458
ArrayListBag, 6958
ArrayListBag, 3791
ArrayListBag, 125
ArrayListBag, 3083
ArrayListBag, 4333
ArrayListBag, 2875
ArrayListBag, 5041
ArrayListBag, 2333
ArrayListBag, 375
ArrayListBag, 666
ArrayListBag, 1500
ArrayListBag, 459
ArrayListBag, 292
ArrayListBag, 11917
ArrayListBag, 1125
ArrayListBag, 708
ArrayListBag, 2916
ArrayListBag, 3542
ArrayListBag, 208
ArrayListBag, 2000
ArrayListBag, 208
ArrayListBag, 2625
ArrayListBag, 4333
ArrayListBag, 2125
ArrayListBag, 4250
ArrayListBag, 2208
ArrayListBag, 2833
ArrayListBag, 958
ArrayListBag, 2250
ArrayListBag, 2708
ArrayListBag, 583
ArrayListBag, 2208
ArrayListBag, 1292
ArrayListBag, 2500
ArrayListBag, 4292
ArrayListBag, 1000
ArrayListBag, 1666
ArrayListBag, 1375
ArrayListBag, 583
ArrayListBag, 625
ArrayListBag, 750
ArrayListBag, 4375
ArrayListBag, 3958
ArrayListBag, 333
ArrayListBag, 3000
ArrayListBag, 125
ArrayListBag, 167
ArrayListBag, 500
ArrayListBag, 1125
ArrayListBag, 4417
ArrayListBag, 417
ArrayListBag, 4125
ArrayListBag, 2667
ArrayListBag, 667
ArrayListBag, 500
ArrayListBag, 4333
ArrayListBag, 875
ArrayListBag, 1583
ArrayListBag, 1083
ArrayListBag, 4584
ArrayListBag, 292
ArrayListBag, 375
ArrayListBag, 792
ArrayListBag, 2709
ArrayListBag, 3084
ArrayListBag, 625
ArrayListBag, 1250
ArrayListBag, 4458
ArrayListBag, 625
ArrayListBag, 4542
ArrayListBag, 1667
ArrayListBag, 625
ArrayListBag, 2625
ArrayListBag, 583
ArrayListBag, 3417
ArrayListBag, 250
ArrayListBag, 2209
ArrayListBag, 2542
ArrayListBag, 2375
ArrayListBag, 583
ArrayListBag, 625
ArrayListBag, 333
ArrayListBag, 958
ArrayListBag, 4083
ArrayListBag, 958
ArrayListBag, 584
ArrayListBag, 334
ArrayListBag, 4792
ArrayListBag, 625
ArrayListBag, 250
ArrayListBag, 4625
ArrayListBag, 709
ArrayListBag, 2125
ArrayListBag, 3375
ArrayListBag, 458
ArrayListBag, 1791
ArrayListBag, 2333
ArrayListBag, 458
ArrayListBag, 583
ArrayListBag, 125
ArrayListBag, 542
ArrayListBag, 2125
ArrayListBag, 3958
ArrayListBag, 3500
ArrayListBag, 1209
ArrayListBag, 792
ArrayListBag, 2959
ArrayListBag, 583
ArrayListBag, 958
ArrayListBag, 1708
ArrayListBag, 209
ArrayListBag, 625
ArrayListBag, 1166
ArrayListBag, 625
ArrayListBag, 750
ArrayListBag, 750
ArrayListBag, 250
ArrayListBag, 583
ArrayListBag, 1791
ArrayListBag, 208
ArrayListBag, 5042
ArrayListBag, 4833
ArrayListBag, 2458
ArrayListBag, 1084
ArrayListBag, 1792
ArrayListBag, 3875
ArrayListBag, 4125
ArrayListBag, 584
ArrayListBag, 4792
ArrayListBag, 625
ArrayListBag, 2208
ArrayListBag, 166
ArrayListBag, 1541
ArrayListBag, 1042
ArrayListBag, 542
ArrayListBag, 1125
ArrayListBag, 833
ArrayListBag, 4084
ArrayListBag, 2000
ArrayListBag, 750
ArrayListBag, 1584
ArrayListBag, 5000
ArrayListBag, 1041
ArrayListBag, 208
ArrayListBag, 2209
ArrayListBag, 583
ArrayListBag, 1250
ArrayListBag, 3167
ArrayListBag, 458
ArrayListBag, 834
ArrayListBag, 1708
ArrayListBag, 625
ArrayListBag, 1583
ArrayListBag, 5041
ArrayListBag, 1000
ArrayListBag, 3083
ArrayListBag, 416
ArrayListBag, 375
ArrayListBag, 3292
ArrayListBag, 2708
ArrayListBag, 4125
ArrayListBag, 1416
ArrayListBag, 250
ArrayListBag, 1541
ArrayListBag, 2458
ArrayListBag, 291
ArrayListBag, 1666
ArrayListBag, 833
ArrayListBag, 1500
ArrayListBag, 1833
ArrayListBag, 2083
ArrayListBag, 5166
ArrayListBag, 2458
ArrayListBag, 5041
ArrayListBag, 1500
ArrayListBag, 2292
ArrayListBag, 375
ArrayListBag, 708
ArrayListBag, 292
ArrayListBag, 4583
ArrayListBag, 708
ArrayListBag, 1084
ArrayListBag, 1625
ArrayListBag, 458
ArrayListBag, 1791
ArrayListBag, 333
ArrayListBag, 1500
ArrayListBag, 4958
ArrayListBag, 3958
ArrayListBag, 3291
ArrayListBag, 1916
ArrayListBag, 125
ArrayListBag, 3000
ArrayListBag, 1000
ArrayListBag, 1000
ArrayListBag, 708
ArrayListBag, 584
ArrayListBag, 5250
ArrayListBag, 459
ArrayListBag, 458
ArrayListBag, 2291
ArrayListBag, 333
ArrayListBag, 625
ArrayListBag, 2833
ArrayListBag, 2708
ArrayListBag, 1209
ArrayListBag, 125
ArrayListBag, 4792
ArrayListBag, 500
ArrayListBag, 4166
ArrayListBag, 1750
ArrayListBag, 2792
ArrayListBag, 666
ArrayListBag, 583
ArrayListBag, 5292
ArrayListBag, 2667
ArrayListBag, 500
ArrayListBag, 1625
ArrayListBag, 1708
ArrayListBag, 5334
ArrayListBag, 333
ArrayListBag, 1875
ArrayListBag, 1500
ArrayListBag, 2209
ArrayListBag, 584
ArrayListBag, 667
ArrayListBag, 1292
ArrayListBag, 625
ArrayListBag, 250
ArrayListBag, 250
ArrayListBag, 792
ArrayListBag, 5292
ArrayListBag, 2625
ArrayListBag, 4875
ArrayListBag, 1833
ArrayListBag, 916
ArrayListBag, 2833
ArrayListBag, 792
ArrayListBag, 625
ArrayListBag, 500
ArrayListBag, 1750
ArrayListBag, 1333
ArrayListBag, 5458
ArrayListBag, 2917
ArrayListBag, 2959
ArrayListBag, 3000
ArrayListBag, 4375
ArrayListBag, 2500
ArrayListBag, 2625
ArrayListBag, 5333
ArrayListBag, 2833
ArrayListBag, 625
ArrayListBag, 834
ArrayListBag, 5500
ArrayListBag, 500
ArrayListBag, 833
ArrayListBag, 1625
ArrayListBag, 1667
ArrayListBag, 2791
ArrayListBag, 2791
ArrayListBag, 1792
ArrayListBag, 167
ArrayListBag, 917
ArrayListBag, 250
ArrayListBag, 250
ArrayListBag, 750
ArrayListBag, 5875
ArrayListBag, 208
ArrayListBag, 500
ArrayListBag, 5583
ArrayListBag, 5625
ArrayListBag, 2709
ArrayListBag, 334
ArrayListBag, 4000
ArrayListBag, 500
