ArrayBag, 18833
ArrayBag, 17208
ArrayBag, 17292
ArrayBag, 16958
ArrayBag, 16958
ArrayBag, 16750
ArrayBag, 16792
ArrayBag, 16792
ArrayBag, 16666
ArrayBag, 16709
ArrayBag, 16708
ArrayBag, 16667
ArrayBag, 16750
ArrayBag, 16667
ArrayBag, 16625
ArrayBag, 16583
ArrayBag, 16500
ArrayBag, 16709
ArrayBag, 18334
ArrayBag, 16583
ArrayBag, 16500
ArrayBag, 16500
ArrayBag, 16500
ArrayBag, 17292
ArrayBag, 19292
ArrayBag, 16416
ArrayBag, 16542
ArrayBag, 16042
ArrayBag, 16375
ArrayBag, 16292
ArrayBag, 17583
ArrayBag, 17208
ArrayBag, 16459
ArrayBag, 16416
ArrayBag, 16625
ArrayBag, 16583
ArrayBag, 16417
ArrayBag, 16292
ArrayBag, 16209
ArrayBag, 16375
ArrayBag, 16250
ArrayBag, 16208
ArrayBag, 16250
ArrayBag, 16167
ArrayBag, 15750
ArrayBag, 16083
ArrayBag, 16125
ArrayBag, 16167
ArrayBag, 16084
ArrayBag, 16041
ArrayBag, 15958
ArrayBag, 16041
ArrayBag, 16166
ArrayBag, 15958
ArrayBag, 15958
ArrayBag, 15958
ArrayBag, 16000
ArrayBag, 15917
ArrayBag, 15458
ArrayBag, 15917
ArrayBag, 15917
ArrayBag, 15917
ArrayBag, 20708
ArrayBag, 17792
ArrayBag, 16250
ArrayBag, 15500
ArrayBag, 16167
ArrayBag, 15791
ArrayBag, 15875
ArrayBag, 15834
ArrayBag, 16041
ArrayBag, 15708
ArrayBag, 16084
ArrayBag, 19958
ArrayBag, 15000
ArrayBag, 16500
ArrayBag, 15375
ArrayBag, 4375
ArrayBag, 5708
ArrayBag, 6958
ArrayBag, 8416
ArrayBag, 10000
ArrayBag, 11250
ArrayBag, 13958
ArrayBag, 2875
ArrayBag, 2792
ArrayBag, 2625
ArrayBag, 2583
ArrayBag, 2583
ArrayBag, 2625
ArrayBag, 3125
ArrayBag, 2584
ArrayBag, 2542
ArrayBag, 2583
ArrayBag, 2583
ArrayBag, 2541
ArrayBag, 2583
ArrayBag, 2583
ArrayBag, 2583
ArrayBag, 2834
ArrayBag, 2584
ArrayBag, 2542
ArrayBag, 2709
ArrayBag, 2584
ArrayBag, 2584
ArrayBag, 2584
ArrayBag, 2542
ArrayBag, 2542
ArrayBag, 2834
ArrayBag, 2542
ArrayBag, 2667
ArrayBag, 2500
ArrayBag, 2500
ArrayBag, 2500
ArrayBag, 2542
ArrayBag, 2500
ArrayBag, 2500
ArrayBag, 7500
ArrayBag, 2500
ArrayBag, 2583
ArrayBag, 2625
ArrayBag, 2792
ArrayBag, 2500
ArrayBag, 2500
ArrayBag, 2500
ArrayBag, 2458
ArrayBag, 2500
ArrayBag, 2792
ArrayBag, 2500
ArrayBag, 2458
ArrayBag, 2458
ArrayBag, 2458
ArrayBag, 2459
ArrayBag, 2500
ArrayBag, 2458
ArrayBag, 2458
ArrayBag, 2708
ArrayBag, 2459
ArrayBag, 2458
ArrayBag, 2458
ArrayBag, 2500
ArrayBag, 2459
ArrayBag, 2458
ArrayBag, 2458
ArrayBag, 2417
ArrayBag, 2417
ArrayBag, 2667
ArrayBag, 2458
ArrayBag, 2417
ArrayBag, 2417
ArrayBag, 2417
ArrayBag, 2417
ArrayBag, 2416
ArrayBag, 2416
ArrayBag, 2417
ArrayBag, 2750
ArrayBag, 2416
ArrayBag, 2375
ArrayBag, 2417
ArrayBag, 2417
ArrayBag, 2416
ArrayBag, 2417
ArrayBag, 2417
ArrayBag, 2375
ArrayBag, 2375
ArrayBag, 2667
ArrayBag, 2375
ArrayBag, 2375
ArrayBag, 2375
ArrayBag, 2375
ArrayBag, 2375
ArrayBag, 2333
ArrayBag, 2458
ArrayBag, 2375
ArrayBag, 2375
ArrayBag, 2750
ArrayBag, 2334
ArrayBag, 2333
ArrayBag, 2375
ArrayBag, 2375
ArrayBag, 2333
ArrayBag, 2333
ArrayBag, 2333
ArrayBag, 2333
ArrayBag, 2334
ArrayBag, 2667
ArrayBag, 2334
ArrayBag, 2334
ArrayBag, 2584
ArrayBag, 2333
ArrayBag, 2334
ArrayBag, 2417
ArrayBag, 2334
ArrayBag, 2292
ArrayBag, 2333
ArrayBag, 2667
ArrayBag, 2333
ArrayBag, 2292
ArrayBag, 2292
ArrayBag, 2542
ArrayBag, 2292
ArrayBag, 2292
ArrayBag, 2375
ArrayBag, 2417
ArrayBag, 2250
ArrayBag, 2625
ArrayBag, 2250
ArrayBag, 2250
ArrayBag, 2334
ArrayBag, 2250
ArrayBag, 2250
ArrayBag, 2250
ArrayBag, 2250
ArrayBag, 2250
ArrayBag, 2250
ArrayBag, 2250
ArrayBag, 2542
ArrayBag, 2250
ArrayBag, 2250
ArrayBag, 2208
ArrayBag, 2250
ArrayBag, 2250
ArrayBag, 2208
ArrayBag, 2208
ArrayBag, 2208
ArrayBag, 2208
ArrayBag, 2500
ArrayBag, 2209
ArrayBag, 2125
ArrayBag, 2208
ArrayBag, 2209
ArrayBag, 2209
ArrayBag, 2208
ArrayBag, 2167
ArrayBag, 2167
ArrayBag, 2166
ArrayBag, 2167
ArrayBag, 2459
ArrayBag, 2208
ArrayBag, 2208
ArrayBag, 2167
ArrayBag, 2166
ArrayBag, 2167
ArrayBag, 2166
ArrayBag, 2167
ArrayBag, 2167
ArrayBag, 2167
ArrayBag, 2166
ArrayBag, 2417
ArrayBag, 2166
ArrayBag, 2167
ArrayBag, 2167
ArrayBag, 2167
ArrayBag, 2125
ArrayBag, 2125
ArrayBag, 2125
ArrayBag, 2125
ArrayBag, 2125
ArrayBag, 2083
ArrayBag, 2375
ArrayBag, 2125
ArrayBag, 2250
ArrayBag, 2125
ArrayBag, 2125
ArrayBag, 2125
ArrayBag, 2083
ArrayBag, 2083
ArrayBag, 2083
ArrayBag, 2083
ArrayBag, 2083
ArrayBag, 2375
ArrayBag, 2083
ArrayBag, 2083
ArrayBag, 2083
ArrayBag, 2250
ArrayBag, 2083
ArrayBag, 2250
ArrayBag, 2209
ArrayBag, 2083
ArrayBag, 2084
ArrayBag, 2083
ArrayBag, 2333
ArrayBag, 2042
ArrayBag, 2041
ArrayBag, 2042
ArrayBag, 2042
ArrayBag, 2041
ArrayBag, 2083
ArrayBag, 2042
ArrayBag, 2041
ArrayBag, 2041
ArrayBag, 2042
ArrayBag, 2042
ArrayBag, 2417
ArrayBag, 2041
ArrayBag, 2000
ArrayBag, 2000
ArrayBag, 2166
ArrayBag, 2000
ArrayBag, 2166
ArrayBag, 2000
ArrayBag, 2000
ArrayBag, 2000
ArrayBag, 2041
ArrayBag, 2250
ArrayBag, 2000
ArrayBag, 2000
ArrayBag, 2000
ArrayBag, 1958
ArrayBag, 2083
ArrayBag, 2000
ArrayBag, 2000
ArrayBag, 2000
ArrayBag, 2000
ArrayBag, 2125
ArrayBag, 1959
ArrayBag, 2209
ArrayBag, 2000
ArrayBag, 2125
ArrayBag, 2083
ArrayBag, 2041
ArrayBag, 1958
ArrayBag, 2125
ArrayBag, 1959
ArrayBag, 1917
ArrayBag, 2083
ArrayBag, 1958
ArrayBag, 1917
ArrayBag, 2333
ArrayBag, 1958
ArrayBag, 1917
ArrayBag, 2125
ArrayBag, 1917
ArrayBag, 1916
ArrayBag, 1917
ArrayBag, 1917
ArrayBag, 2042
ArrayBag, 1875
ArrayBag, 1917
ArrayBag, 1875
ArrayBag, 2042
ArrayBag, 2166
ArrayBag, 1917
ArrayBag, 1916
ArrayBag, 1917
ArrayBag, 1917
ArrayBag, 1875
ArrayBag, 1875
ArrayBag, 1875
ArrayBag, 1875
ArrayBag, 1875
ArrayBag, 1916
ArrayBag, 1875
ArrayBag, 2167
ArrayBag, 1834
ArrayBag, 1875
ArrayBag, 1875
ArrayBag, 1875
ArrayBag, 1875
ArrayBag, 1834
ArrayBag, 1834
ArrayBag, 1834
ArrayBag, 1834
ArrayBag, 1834
ArrayBag, 1834
ArrayBag, 1791
ArrayBag, 2083
ArrayBag, 1834
ArrayBag, 1834
ArrayBag, 1833
ArrayBag, 1833
ArrayBag, 1792
ArrayBag, 1792
ArrayBag, 1791
ArrayBag, 1792
ArrayBag, 1792
ArrayBag, 1833
ArrayBag, 1834
ArrayBag, 1833
ArrayBag, 2042
ArrayBag, 1792
ArrayBag, 1791
ArrayBag, 1792
ArrayBag, 1791
ArrayBag, 1792
ArrayBag, 1750
ArrayBag, 1792
ArrayBag, 1792
ArrayBag, 1791
ArrayBag, 1750
ArrayBag, 1750
ArrayBag, 1750
ArrayBag, 2000
ArrayBag, 1750
ArrayBag, 1791
ArrayBag, 1750
ArrayBag, 1750
ArrayBag, 1708
ArrayBag, 1750
ArrayBag, 1709
ArrayBag, 1875
ArrayBag, 1708
ArrayBag, 1917
ArrayBag, 1750
ArrayBag, 1750
ArrayBag, 1750
ArrayBag, 2125
ArrayBag, 1709
ArrayBag, 1834
ArrayBag, 1666
ArrayBag, 1708
ArrayBag, 1708
ArrayBag, 1708
ArrayBag, 1709
ArrayBag, 1709
ArrayBag, 1708
ArrayBag, 1666
ArrayBag, 1667
ArrayBag, 1667
ArrayBag, 1708
ArrayBag, 1958
ArrayBag, 1709
ArrayBag, 1666
ArrayBag, 1667
ArrayBag, 1750
ArrayBag, 1708
ArrayBag, 1667
ArrayBag, 1625
ArrayBag, 1667
ArrayBag, 1625
ArrayBag, 1625
ArrayBag, 1625
ArrayBag, 1667
ArrayBag, 1667
ArrayBag, 1875
ArrayBag, 1625
ArrayBag, 1667
ArrayBag, 1666
ArrayBag, 1625
ArrayBag, 1625
ArrayBag, 1583
ArrayBag, 1625
ArrayBag, 1625
ArrayBag, 1625
ArrayBag, 1625
ArrayBag, 1583
ArrayBag, 1625
ArrayBag, 1625
ArrayBag, 1583
ArrayBag, 1875
ArrayBag, 1625
ArrayBag, 1583
ArrayBag, 1583
ArrayBag, 1583
ArrayBag, 1583
ArrayBag, 1584
ArrayBag, 1625
ArrayBag, 1583
ArrayBag, 1583
ArrayBag, 1583
ArrayBag, 1583
ArrayBag, 1542
ArrayBag, 1583
ArrayBag, 1583
ArrayBag, 1834
ArrayBag, 1542
ArrayBag, 1541
ArrayBag, 1542
ArrayBag, 1583
ArrayBag, 1542
ArrayBag, 1542
ArrayBag, 1542
ArrayBag, 1542
ArrayBag, 1500
ArrayBag, 1542
ArrayBag, 1541
ArrayBag, 1542
ArrayBag, 1541
ArrayBag, 1542
ArrayBag, 1833
ArrayBag, 1500
ArrayBag, 1500
ArrayBag, 1500
ArrayBag, 1500
ArrayBag, 1500
ArrayBag, 1500
ArrayBag, 1500
ArrayBag, 1500
ArrayBag, 1458
ArrayBag, 1541
ArrayBag, 1458
ArrayBag, 1500
ArrayBag, 1583
ArrayBag, 1500
ArrayBag, 1583
ArrayBag, 1916
ArrayBag, 1500
ArrayBag, 1500
ArrayBag, 1500
ArrayBag, 1542
ArrayBag, 1458
ArrayBag, 1458
ArrayBag, 1459
ArrayBag, 1459
ArrayBag, 1458
ArrayBag, 1458
ArrayBag, 1458
ArrayBag, 1459
ArrayBag, 1458
ArrayBag, 1458
ArrayBag, 1459
ArrayBag, 1417
ArrayBag, 1708
ArrayBag, 1459
ArrayBag, 1416
ArrayBag, 1417
ArrayBag, 1417
ArrayBag, 1375
ArrayBag, 1416
ArrayBag, 1417
ArrayBag, 1375
ArrayBag, 1417
ArrayBag, 1417
ArrayBag, 1416
ArrayBag, 1625
ArrayBag, 1417
ArrayBag, 1417
ArrayBag, 1416
ArrayBag, 1417
ArrayBag, 1667
ArrayBag, 1375
ArrayBag, 1375
ArrayBag, 1375
ArrayBag, 1333
ArrayBag, 1375
ArrayBag, 1375
ArrayBag, 1375
ArrayBag, 1333
ArrayBag, 1375
ArrayBag, 1375
ArrayBag, 1375
ArrayBag, 1375
ArrayBag, 1500
ArrayBag, 1333
ArrayBag, 1500
ArrayBag, 1500
ArrayBag, 1333
ArrayBag, 1667
ArrayBag, 1292
ArrayBag, 1333
ArrayBag, 1333
ArrayBag, 1500
ArrayBag, 1542
ArrayBag, 1333
ArrayBag, 1334
ArrayBag, 1333
ArrayBag, 1458
ArrayBag, 1458
ArrayBag, 1292
ArrayBag, 1334
ArrayBag, 1291
ArrayBag, 1292
ArrayBag, 1333
ArrayBag, 1292
ArrayBag, 1292
ArrayBag, 1625
ArrayBag, 1416
ArrayBag, 1250
ArrayBag, 1292
ArrayBag, 1250
ArrayBag, 1250
ArrayBag, 1250
ArrayBag, 1291
ArrayBag, 1417
ArrayBag, 1541
ArrayBag, 1542
ArrayBag, 1583
ArrayBag, 1667
ArrayBag, 1708
ArrayBag, 1375
ArrayBag, 1250
ArrayBag, 1250
ArrayBag, 1208
ArrayBag, 1208
ArrayBag, 1500
ArrayBag, 1208
ArrayBag, 1250
ArrayBag, 1209
ArrayBag, 1209
ArrayBag, 1208
ArrayBag, 1208
ArrayBag, 1208
ArrayBag, 1208
ArrayBag, 1209
ArrayBag, 1208
ArrayBag, 1208
ArrayBag, 1209
ArrayBag, 1166
ArrayBag, 1209
ArrayBag, 1208
ArrayBag, 1208
ArrayBag, 1167
ArrayBag, 1208
ArrayBag, 1167
ArrayBag, 1167
ArrayBag, 1375
ArrayBag, 1167
ArrayBag, 1333
ArrayBag, 1166
ArrayBag, 1167
ArrayBag, 1167
ArrayBag, 1125
ArrayBag, 1167
ArrayBag, 1125
ArrayBag, 1166
ArrayBag, 1167
ArrayBag, 1125
ArrayBag, 1125
ArrayBag, 1166
ArrayBag, 1125
ArrayBag, 1167
ArrayBag, 1125
ArrayBag, 1125
ArrayBag, 1125
ArrayBag, 1125
ArrayBag, 1125
ArrayBag, 1417
ArrayBag, 1125
ArrayBag, 1083
ArrayBag, 1125
ArrayBag, 1125
ArrayBag, 1125
ArrayBag, 1125
ArrayBag, 1083
ArrayBag, 1125
ArrayBag, 1083
ArrayBag, 1084
ArrayBag, 1125
ArrayBag, 1083
ArrayBag, 1083
ArrayBag, 1084
ArrayBag, 1083
ArrayBag, 1083
ArrayBag, 1250
ArrayBag, 1084
ArrayBag, 1041
ArrayBag, 1084
ArrayBag, 1041
ArrayBag, 1459
ArrayBag, 1041
ArrayBag, 1042
ArrayBag, 1166
ArrayBag, 1042
ArrayBag, 1167
ArrayBag, 1041
ArrayBag, 1333
ArrayBag, 1416
ArrayBag, 1208
ArrayBag, 1250
ArrayBag, 1250
ArrayBag, 1417
ArrayBag, 1334
ArrayBag, 1208
ArrayBag, 1208
ArrayBag, 1209
ArrayBag, 1208
ArrayBag, 1209
ArrayBag, 1250
ArrayBag, 1250
ArrayBag, 1208
ArrayBag, 1209
ArrayBag, 1375
ArrayBag, 1208
ArrayBag, 1500
ArrayBag, 1208
ArrayBag, 1208
ArrayBag, 1250
ArrayBag, 1209
ArrayBag, 1208
ArrayBag, 1167
ArrayBag, 1167
ArrayBag, 1083
ArrayBag, 959
ArrayBag, 959
ArrayBag, 958
ArrayBag, 958
ArrayBag, 959
ArrayBag, 958
ArrayBag, 917
ArrayBag, 958
ArrayBag, 958
ArrayBag, 916
ArrayBag, 1084
ArrayBag, 958
ArrayBag, 917
ArrayBag, 917
ArrayBag, 917
ArrayBag, 1083
ArrayBag, 917
ArrayBag, 1166
ArrayBag, 917
ArrayBag, 875
ArrayBag, 917
ArrayBag, 916
ArrayBag, 917
ArrayBag, 917
ArrayBag, 875
ArrayBag, 875
ArrayBag, 875
ArrayBag, 917
ArrayBag, 875
ArrayBag, 875
ArrayBag, 875
ArrayBag, 875
ArrayBag, 875
ArrayBag, 1041
ArrayBag, 875
ArrayBag, 875
ArrayBag, 834
ArrayBag, 875
ArrayBag, 875
ArrayBag, 875
ArrayBag, 833
ArrayBag, 875
ArrayBag, 875
ArrayBag, 833
ArrayBag, 1000
ArrayBag, 1083
ArrayBag, 875
ArrayBag, 834
ArrayBag, 791
ArrayBag, 834
ArrayBag, 958
ArrayBag, 917
ArrayBag, 833
ArrayBag, 792
ArrayBag, 833
ArrayBag, 792
ArrayBag, 833
ArrayBag, 792
ArrayBag, 833
ArrayBag, 792
ArrayBag, 792
ArrayBag, 791
ArrayBag, 834
ArrayBag, 792
ArrayBag, 791
ArrayBag, 792
ArrayBag, 917
ArrayBag, 792
ArrayBag, 750
ArrayBag, 791
ArrayBag, 750
ArrayBag, 750
ArrayBag, 792
ArrayBag, 750
ArrayBag, 750
ArrayBag, 750
ArrayBag, 792
ArrayBag, 1042
ArrayBag, 750
ArrayBag, 750
ArrayBag, 750
ArrayBag, 709
ArrayBag, 750
ArrayBag, 750
ArrayBag, 708
ArrayBag, 750
ArrayBag, 708
ArrayBag, 709
ArrayBag, 750
ArrayBag, 625
ArrayBag, 792
ArrayBag, 750
ArrayBag, 750
ArrayBag, 917
ArrayBag, 708
ArrayBag, 709
ArrayBag, 708
ArrayBag, 708
ArrayBag, 709
ArrayBag, 666
ArrayBag, 709
ArrayBag, 666
ArrayBag, 709
ArrayBag, 666
ArrayBag, 667
ArrayBag, 708
ArrayBag, 667
ArrayBag, 708
ArrayBag, 625
ArrayBag, 625
ArrayBag, 667
ArrayBag, 666
ArrayBag, 667
ArrayBag, 667
ArrayBag, 916
ArrayBag, 667
ArrayBag, 625
ArrayBag, 667
ArrayBag, 625
ArrayBag, 666
ArrayBag, 750
ArrayBag, 625
ArrayBag, 667
ArrayBag, 625
ArrayBag, 625
ArrayBag, 625
ArrayBag, 667
ArrayBag, 708
ArrayBag, 583
ArrayBag, 625
ArrayBag, 584
ArrayBag, 584
ArrayBag, 625
ArrayBag, 583
ArrayBag, 625
ArrayBag, 583
ArrayBag, 584
ArrayBag, 583
ArrayBag, 583
ArrayBag, 584
ArrayBag, 583
ArrayBag, 583
ArrayBag, 584
ArrayBag, 583
ArrayBag, 542
ArrayBag, 583
ArrayBag, 542
ArrayBag, 583
ArrayBag, 542
ArrayBag, 583
ArrayBag, 542
ArrayBag, 541
ArrayBag, 542
ArrayBag, 541
ArrayBag, 542
ArrayBag, 542
ArrayBag, 541
ArrayBag, 500
ArrayBag, 542
ArrayBag, 792
ArrayBag, 541
ArrayBag, 542
ArrayBag, 500
ArrayBag, 500
ArrayBag, 500
ArrayBag, 542
ArrayBag, 500
ArrayBag, 500
ArrayBag, 500
ArrayBag, 500
ArrayBag, 500
ArrayBag, 500
ArrayBag, 500
ArrayBag, 500
ArrayBag, 500
ArrayBag, 500
ArrayBag, 458
ArrayBag, 500
ArrayBag, 459
ArrayBag, 500
ArrayBag, 458
ArrayBag, 458
ArrayBag, 500
ArrayBag, 459
ArrayBag, 458
ArrayBag, 458
ArrayBag, 459
ArrayBag, 458
ArrayBag, 458
ArrayBag, 459
ArrayBag, 416
ArrayBag, 459
ArrayBag, 416
ArrayBag, 459
ArrayBag, 416
ArrayBag, 459
ArrayBag, 416
ArrayBag, 417
ArrayBag, 416
ArrayBag, 417
ArrayBag, 417
ArrayBag, 416
ArrayBag, 417
ArrayBag, 417
ArrayBag, 416
ArrayBag, 375
ArrayBag, 417
ArrayBag, 416
ArrayBag, 416
ArrayBag, 375
ArrayBag, 416
ArrayBag, 417
ArrayBag, 375
ArrayBag, 375
ArrayBag, 375
ArrayBag, 375
ArrayBag, 375
ArrayBag, 375
ArrayBag, 375
ArrayBag, 333
ArrayBag, 333
ArrayBag, 375
ArrayBag, 375
ArrayBag, 334
ArrayBag, 666
ArrayBag, 334
ArrayBag, 375
ArrayBag, 333
ArrayBag, 542
ArrayBag, 333
ArrayBag, 333
ArrayBag, 334
ArrayBag, 333
ArrayBag, 334
ArrayBag, 333
ArrayBag, 333
ArrayBag, 292
ArrayBag, 333
ArrayBag, 292
ArrayBag, 333
ArrayBag, 292
ArrayBag, 292
ArrayBag, 292
ArrayBag, 292
ArrayBag, 291
ArrayBag, 292
ArrayBag, 292
ArrayBag, 291
ArrayBag, 292
ArrayBag, 250
ArrayBag, 291
ArrayBag, 459
ArrayBag, 250
ArrayBag, 250
ArrayBag, 250
ArrayBag, 292
ArrayBag, 250
ArrayBag, 250
ArrayBag, 250
ArrayBag, 250
ArrayBag, 250
ArrayBag, 250
ArrayBag, 250
ArrayBag, 250
ArrayBag, 250
ArrayBag, 250
ArrayBag, 208
ArrayBag, 208
ArrayBag, 250
ArrayBag, 208
ArrayBag, 250
ArrayBag, 209
ArrayBag, 208
ArrayBag, 208
ArrayBag, 208
ArrayBag, 209
ArrayBag, 208
ArrayBag, 208
ArrayBag, 209
ArrayBag, 208
ArrayBag, 208
ArrayBag, 209
ArrayBag, 166
ArrayBag, 209
ArrayBag, 291
ArrayBag, 208
ArrayBag, 208
ArrayBag, 167
ArrayBag, 166
ArrayBag, 167
ArrayBag, 208
ArrayBag, 167
ArrayBag, 167
ArrayBag, 166
ArrayBag, 167
ArrayBag, 167
ArrayBag, 166
ArrayBag, 125
ArrayBag, 125
ArrayBag, 166
ArrayBag, 167
ArrayBag, 167
ArrayBag, 125
ArrayBag, 375
ArrayBag, 125
ArrayBag, 208
ArrayBag, 125
ArrayBag, 125
ArrayBag, 167
ArrayBag, 125
ArrayBag, 125
ArrayBag, 167
ArrayBag, 125
ArrayBag, 125
ArrayBag, 125
ArrayBag, 125
ArrayBag, 83
ArrayBag, 125
